﻿<?xml version="1.0" encoding="utf-8"?><EndPointMessage SchemaVersion="16843008">  <Message ID="10010001">    <Content>Forcepoint DLP Endpoint has detected that you are trying to write sensitive information to a removable drive, which appears to be in violation of corporate policy. Do you want to continue with this operation?</Content>    <Description>ILP controls\WRITE_FILE\Use application write file to removable drive\Display message\Ask</Description>  </Message>  <Message ID="10010002">    <Content>Forcepoint DLP Endpoint has blocked you from writing sensitive information to a removable drive over [Application_Name], which appears to be in violation of corporate policy.</Content>    <Description>ILP controls\WRITE_FILE\Use application write file to removable drive\Display message\Block</Description>  </Message>  <Message ID="10010005">    <Content>Forcepoint DLP Endpoint has detected that you are trying to copy or move a file to a removable drive, which appears to be in violation of corporate policy. Do you want to continue with this operation?</Content>    <Description>ILP controls\COPY_FILE\Copy or Move source to removable media\Display message\Ask</Description>  </Message>  <Message ID="10010006">    <Content>Forcepoint DLP Endpoint has blocked you from copying/moving [source_file_name] to [destination_file_name], which appears to be in violation of corporate policy.</Content>    <Description>ILP controls\COPY_FILE\Copy or Move source to removable media\Display message\Block</Description>  </Message>  <Message ID="10010007">    <Content>Forcepoint DLP Endpoint has detected an unauthorized application is trying to access sensitive information, which appears to be in violation of corporate policy. Do you want to continue with this operation?</Content>    <Description>ILP controls\READ_FILE\ILP in listed application file\Display message\Ask</Description>  </Message>  <Message ID="10010008">    <Content>Forcepoint DLP Endpoint has blocked application [Application_Name] from accessing sensitive information, which appears to be in violation of corporate policy.</Content>    <Description>ILP controls\READ_FILE\ILP in Listed Application file\Display message\Block</Description>  </Message>  <Message ID="10010009">    <Content>Forcepoint DLP Endpoint has detected that you are trying to post content to the Internet, which appears to be in violation of corporate policy. Do you want to continue with this operation?</Content>    <Description>ILP controls\INTERNET\ILP in network application\Display message\Ask</Description>  </Message>  <Message ID="10010010">    <Content>Forcepoint DLP Endpoint has blocked you from uploading sensitive information to the remote host [destination_app_name], because it is in violation of corporate policy.</Content>    <Description>ILP controls\INTERNET\ILP in network application\Display message\Block</Description>  </Message>  <Message ID="10010013">    <Content>Forcepoint DLP Endpoint has detected that you are trying to paste sensitive information, which appears to be in violation of corporate policy. Do you want to continue with this operation?</Content>    <Description>ILP controls\CLIPBOARD\Paste to operation\Display message\Ask</Description>  </Message>  <Message ID="10010014">    <Content>Forcepoint DLP Endpoint has blocked you from pasting sensitive information that violates corporate policy.</Content>    <Description>ILP controls\CLIPBOARD\Paste to operation\Display message\Block</Description>  </Message>  <Message ID="10010015">    <Content>Forcepoint DLP Endpoint has blocked [Application_Name] from printing [source_file_name], which contains sensitive information that violates corporate policy.</Content>    <Description>ILP controls\PRINT_JOB\ILP in Print Operation\Display message\Block</Description>  </Message>  <Message ID="10010016">    <Content>Forcepoint DLP Endpoint has detected an application is trying to print file, which appears to be in violation of corporate policy. Do you want to continue with this operation?</Content>    <Description>ILP controls\PRINT_JOB\ILP in Print Operation\Display message\Ask</Description>  </Message>  <Message ID="10010017">    <Content>data</Content>    <Description>ILP controls\Replace string</Description>  </Message>  <Message ID="10010018">    <Content>unknown application</Content>    <Description>ILP controls\Replace string</Description>  </Message>  <Message ID="10010019">    <Content>Forcepoint DLP Endpoint has blocked the print screen feature since [Application_Name] contained sensitive information, which violates corporate policy.</Content>    <Description>ILP controls\PRINT_SCREEN\ILP in Print Screen Operation\Display message\Block</Description>  </Message>  <Message ID="10010020">    <Content>Scanning content...</Content>    <Description>ILP controls\busy scanning tooltip</Description>  </Message>  <Message ID="10010021">    <Content>Forcepoint DLP Endpoint</Content>    <Description>Product Name</Description>  </Message>  <Message ID="10010022">    <Content>You tried to save sensitive data to a removable drive, but your organization does not allow this. The file has been contained. [a]Click here to view the file and save it to a new location.[/a]</Content>    <Description>ILP controls\REMEDIATE\Save to removable drive\Display message</Description>  </Message>  <Message ID="10010023">    <Content>Forcepoint DLP Endpoint has detected that you are about to copy or move a file to a removable drive. In order to protect corporate data, the file will be encrypted.</Content>    <Description>ILP controls\COPY_FILE_ENCRYPTION\Copy or Move source to removable media\Display message\Ask</Description>  </Message>  <Message ID="10010024">    <Content>Forcepoint DLP Endpoint has detected that you are about to copy or move a file to a removable drive. In order to protect corporate data, the file will be encrypted.</Content>    <Description>ILP controls\COPY_FILE_ENCRYPTION\Copy or Move source to removable media\Display message\Ask</Description>  </Message>  <Message ID="10010025">    <Content>Forcepoint DLP Endpoint has detected that you are about to write sensitive information to a removable drive. In order to protect corporate data, it will be encrypted.</Content>    <Description>ILP controls\WRITE_FILE_ENCRYPTION\Use application write file to removable drive\Display message\Ask</Description>  </Message>  <Message ID="10010026">    <Content>Forcepoint DLP Endpoint has detected that you are about to write sensitive information to a removable drive. In order to protect corporate data, it will be encrypted.</Content>    <Description>ILP controls\WRITE_FILE_ENCRYPTION\Use application write file to removable drive\Display message\Ask</Description>  </Message>  <Message ID="10010027">    <Content>Forcepoint DLP Endpoint has detected that you are trying to send sensitive information by email, which appears to be in violation of corporate policy. Do you want to continue with this operation?</Content>    <Description>ILP controls\EMAIL\Email operation\Display message\Ask</Description>  </Message>  <Message ID="10010028">    <Content>Forcepoint DLP Endpoint has blocked you from emailing sensitive information that violates corporate policy.</Content>    <Description>ILP controls\EMAIL\Email operation\Display message\Block</Description>  </Message>  <Message ID="10010030">    <Content>If you decide to continue please specify a reason for your decision.</Content>    <Description>ILP controls\REASON\Ask</Description>  </Message>  <Message ID="10010031">    <Content>Reason:</Content>    <Description>ILP controls\REASON\Title</Description>  </Message>  <Message ID="10010032">    <Content>Required for business purposes</Content>    <Description>ILP controls\REASON\Reason0</Description>  </Message>  <Message ID="10010033">    <Content>Approved by my manager</Content>    <Description>ILP controls\REASON\Reason1</Description>  </Message>  <Message ID="10010034">    <Content>Personal data</Content>    <Description>ILP controls\REASON\Reason2</Description>  </Message>  <Message ID="10010035">    <Content>Not confidential</Content>    <Description>ILP controls\REASON\Reason3</Description>  </Message>  <Message ID="10010040">    <Content>Forcepoint DLP Endpoint has detected that you are trying to write sensitive information to a network drive, which appears to be in violation of corporate policy. Do you want to continue with this operation?</Content>    <Description>ILP controls\WRITE_FILE\Use application write file to network drive\Display message\Ask</Description>  </Message>  <Message ID="10010041">    <Content>Forcepoint DLP Endpoint has detected that you are trying to write sensitive information to a local drive, which appears to be in violation of corporate policy. Do you want to continue with this operation?</Content>    <Description>ILP controls\WRITE_FILE\Use application write file to local drive\Display message\Ask</Description>  </Message>  <Message ID="10010042">    <Content>You tried to save sensitive data to a network drive, but your organization does not allow this. The file has been contained. [a]Click here to view the file and save it to a new location.[/a]</Content>    <Description>ILP controls\REMEDIATE\Save to network drive\Display message</Description>  </Message>  <Message ID="10010043">    <Content>You tried to save sensitive data to a local drive, but your organization does not allow this. The operation has been blocked.</Content>    <Description>ILP controls\REMEDIATE\Save to local drive\Display message</Description>  </Message>  <Message ID="10010044">    <Content>Forcepoint DLP Endpoint has detected that you are trying to copy or move a file to a network drive, which appears to be in violation of corporate policy. Do you want to continue with this operation?</Content>    <Description>ILP controls\COPY_FILE\Copy or Move source to network drive\Display message\Ask</Description>  </Message>  <Message ID="10010045">    <Content>Forcepoint DLP Endpoint has detected that you are trying to copy or move a file to a local drive, which appears to be in violation of corporate policy. Do you want to continue with this operation?</Content>    <Description>ILP controls\COPY_FILE\Copy or Move source to local drive\Display message\Ask</Description>  </Message>  <Message ID="10010046">    <Content>[Application_Name] tried to save data to an optical drive, but your organization does not allow this. The operation has been blocked.</Content>    <Description>ILP controls\REMEDIATE\Save to optical drive\Display message</Description>  </Message>  <Message ID="10010047">    <Content>Forcepoint DLP Endpoint cannot encrypt the file and copy it to the removable drive because there is not enough available space on the [Install_Drive] drive. Free up disk space and try again.</Content>    <Description>ILP controls\COPY_FILE_ENCRYPTION\Copy or Move source to removable media\Display message\Ask</Description>  </Message>  <Message ID="10010100">    <Content>Ability to bypass protection from the Forcepoint DLP Endpoint can be enabled for a limited time. Please contact your administrator/help desk to obtain a bypass code.</Content>    <Description>ILP controls\UI\Remote Bypass Dialog\Text</Description>  </Message>  <Message ID="10010120">    <Content>Forcepoint One Endpoint</Content>    <Description>ILP controls\UI\Confirmation Dialog\Caption</Description>  </Message>  <Message ID="10010121">    <Content>Action will be permitted</Content>    <Description>ILP controls\UI\Confirmation Dialog\Header Message Allow</Description>  </Message>  <Message ID="10010122">    <Content>Action will be blocked</Content>    <Description>ILP controls\UI\Confirmation Dialog\Header Message Block</Description>  </Message>  <Message ID="10031001">    <Content>You tried to save sensitive data to a removable drive, but your organization does not allow this. The file has been contained.</Content>    <Description>Mac Endpoint Specific - partial message of 10010022</Description>  </Message>  <Message ID="10031002">    <Content>You tried to save sensitive data to a network drive, but your organization does not allow this. The file has been contained.</Content>    <Description>Mac Endpoint Specific - partial message of 10010042</Description>  </Message>  <Message ID="10031003">    <Content>Click here to view the file and save it to a new location.</Content>    <Description>Mac Endpoint Specific - partial message of 10010022 or 10010042</Description>  </Message>  <Message ID="10031004">    <Content>These files have been contained because you tried to copy sensitive data to removable or network media. This is a violation of your organization's policy. You can save the file to an authorized location or permanently delete it.</Content>    <Description>Mac Endpoint Specific - replacing Win message 20010502</Description>  </Message>  <Message ID="20190001">    <Content>Action required</Content>    <Description>ILP controls\UI\Confirmation Dialog\Title</Description>  </Message>  <Message ID="20190002">    <Content>This operation appears to be in violation of corporate policy.</Content>    <Description>ILP controls\UI\Confirmation Dialog\Description for operation</Description>  </Message>  <Message ID="20190003">    <Content>If you feel this operation is justified, please select a reason and click Allow.  If you would like to cancel this operation, please click Block.</Content>    <Description>ILP controls\UI\Confirmation Dialog\Description for reason</Description>  </Message>  <Message ID="20190004">    <Content>Acceptable operation (false positive)</Content>    <Description>ILP controls\UI\Confirmation Dialog\Reason Radio button 1</Description>  </Message>  <Message ID="20190005">    <Content>Required for business purposes</Content>    <Description>ILP controls\UI\Confirmation Dialog\Reason Radio button 2</Description>  </Message>  <Message ID="20190006">    <Content>Approved by my manager</Content>    <Description>ILP controls\UI\Confirmation Dialog\Reason Radio button 3</Description>  </Message>  <Message ID="20190007">    <Content>Personal data</Content>    <Description>ILP controls\UI\Confirmation Dialog\Reason Radio button 4</Description>  </Message>  <Message ID="20190008">    <Content>Redacted data</Content>    <Description>ILP controls\UI\Confirmation Dialog\Reason Radio button 5</Description>  </Message>  <Message ID="20190009">    <Content>Enter justification (optional)</Content>    <Description>ILP controls\UI\Confirmation Dialog\Justification Edit box</Description>  </Message>  <Message ID="20190010">    <Content>Read more about our corporate policy </Content>    <Description>ILP controls\UI\Confirmation Dialog\Description for company policy URL</Description>  </Message>  <Message ID="20190011">    <Content>[DLPUNDEFINED]</Content>    <Description>ILP controls\UI\Confirmation Dialog\Company policy URL\[DLPUNDEFINED] to disable this feature</Description>  </Message></EndPointMessage>