
<ILPClientConfiguration BypassVersion="1.0.0.0" Name="Default Profile" RefId="0" SN="12" SchemaVersion="16777216" UpdateDate="11/05/2020 17:13:15 GMT">
        <HugeFileSettings HugeFilePrefixSizeMB="5" HugeFileSuffixSizeMB="5" MaxFileInRamSizeMB="10">
          <HugeFileSettingByChannel ChannelType="16" HugeFileLimitMB="100"/>
          <HugeFileSettingByChannel ChannelType="2" HugeFileLimitMB="100"/>
          <HugeFileSettingByChannel ChannelType="7" HugeFileLimitMB="100"/>
          <HugeFileSettingByChannel ChannelType="9" HugeFileLimitMB="100"/>
          <HugeFileSettingByChannel ChannelType="10" HugeFileLimitMB="100"/>
          <HugeFileSettingByChannel ChannelType="11" HugeFileLimitMB="100"/>
          <HugeFileSettingByChannel ChannelType="12" HugeFileLimitMB="100"/>
          <HugeFileSettingByChannel ChannelType="14" HugeFileLimitMB="100"/>
</HugeFileSettings>
        <LocationArray>
          <Location CriteriaCPSconnection="1" Desc="Forcepoint Office location" Name="In_Office">
            <ILPProtection DisableBlockingCapabilities="0">
              <ILPRemovableMedia Cid="11" Sid="16">
                <DeviceRule Action="USE_CONTENT_POLICY_ACTION"/>
                <BypassedApps>
                  <ArCondition AppName="SDCLT\.EXE" ResCompany="Microsoft Corporation" ResFileDescription="Microsoft® Windows Backup" ResProductName="Microsoft® Windows® Operating Sy"/>
                  <ArCondition AppName="MSACCESS\.EXE" ResCompany="Microsoft Corporation" ResFileDescription="Microsoft Access" ResProductName="Microsoft Office 2013"/>
                  <ArCondition AppName="LD\.EXE" ResCompany="Ld" ResFileDescription="Ld" ResProductName="Ld"/>
                  <ArCondition AppName="MSTSC\.EXE" ResCompany="Microsoft Corporation" ResFileDescription="Remote Desktop Connection" ResProductName="Microsoft® Windows® Operating Sy"/>
                  <ArCondition AppName="MSACCESS\.EXE" ResCompany="Microsoft Corporation" ResFileDescription="Microsoft Office Access" ResProductName="Microsoft Office 2003"/>
                  <ArCondition AppName="NTBACKUP\.EXE" ResCompany="Microsoft Corporation" ResFileDescription="Windows Backup Utility" ResProductName="Microsoft® Windows® Operating Sy"/>
                  <ArCondition AppName="FOXPRO\.EXE" ResCompany="FoxPro" ResFileDescription="FoxPro" ResProductName="FoxPro"/>
                  <ArCondition AppName="FOXPROW\.EXE" ResCompany="FoxPro" ResFileDescription="FoxPro" ResProductName="FoxPro"/>
                  <ArCondition AppName="MSACCESS\.EXE" ResCompany="Microsoft Corporation" ResFileDescription="Microsoft Office Access" ResProductName="2007 Microsoft Office system"/>
                  <ArCondition AppName="MSACCESS\.EXE" ResCompany="Microsoft Corporation" ResFileDescription="Microsoft Access" ResProductName="Microsoft Office 2010"/>
                  <ArCondition AppName="VMWARE\.EXE" ResCompany="VMware, Inc." ResFileDescription="VMware Virtual Machine Console" ResProductName="VMware Server"/>
</BypassedApps>
                <BypassedAppsCaseSensitive>
                  <ArCondition AppName="MSACCESS\.EXE" ResCompany="Microsoft Corporation" ResFileDescription="Microsoft Access" ResProductName="Microsoft Office 2013"/>
                  <ArCondition AppName="ld\.exe" ResCompany="Ld" ResFileDescription="Ld" ResProductName="Ld"/>
                  <ArCondition AppName="MSACCESS\.EXE" ResCompany="Microsoft Corporation" ResFileDescription="Microsoft Office Access" ResProductName="Microsoft Office 2003"/>
                  <ArCondition AppName="foxpro\.exe" ResCompany="FoxPro" ResFileDescription="FoxPro" ResProductName="FoxPro"/>
                  <ArCondition AppName="foxprow\.exe" ResCompany="FoxPro" ResFileDescription="FoxPro" ResProductName="FoxPro"/>
                  <ArCondition AppName="MSACCESS\.EXE" ResCompany="Microsoft Corporation" ResFileDescription="Microsoft Office Access" ResProductName="2007 Microsoft Office system"/>
                  <ArCondition AppName="MSACCESS\.EXE" ResCompany="Microsoft Corporation" ResFileDescription="Microsoft Access" ResProductName="Microsoft Office 2010"/>
                  <ArCondition AppName="sdclt\.exe" ResCompany="Microsoft Corporation" ResFileDescription="Microsoft® Windows Backup" ResProductName="Microsoft® Windows® Operating Sy"/>
                  <ArCondition AppName="vmware\.exe" ResCompany="VMware, Inc." ResFileDescription="VMware Virtual Machine Console" ResProductName="VMware Server"/>
                  <ArCondition AppName="mstsc\.exe" ResCompany="Microsoft Corporation" ResFileDescription="Remote Desktop Connection" ResProductName="Microsoft® Windows® Operating Sy"/>
                  <ArCondition AppName="ntbackup\.exe" ResCompany="Microsoft Corporation" ResFileDescription="Windows Backup Utility" ResProductName="Microsoft® Windows® Operating Sy"/>
</BypassedAppsCaseSensitive>
</ILPRemovableMedia>
              <ILPPrinter Cid="9" Sid="19">
                <AppRule Action="USE_CONTENT_POLICY_ACTION"/>
</ILPPrinter>
              <ILPAppFile/>
              <ILPWebApp Cid="7" Sid="18">
                <WebAccessRule Action="USE_CONTENT_POLICY_ACTION"/>
                <BrowserSettings>
                  <BrowserExtension BrowserName="CHROME" EnableExtension="1" EnableMonitorMode="0"/>
</BrowserSettings>
</ILPWebApp>
              <ILPEmail Cid="2" Sid="20"/>
</ILPProtection>
</Location>
          <Location CriteriaCPSconnection="0" Desc="HOME" Name="Outside_Office">
            <ILPProtection>
              <ILPRemovableMedia Cid="11" Sid="16">
                <DeviceRule Action="USE_CONTENT_POLICY_ACTION"/>
                <BypassedApps>
                  <ArCondition AppName="SDCLT\.EXE" ResCompany="Microsoft Corporation" ResFileDescription="Microsoft® Windows Backup" ResProductName="Microsoft® Windows® Operating Sy"/>
                  <ArCondition AppName="MSACCESS\.EXE" ResCompany="Microsoft Corporation" ResFileDescription="Microsoft Access" ResProductName="Microsoft Office 2013"/>
                  <ArCondition AppName="LD\.EXE" ResCompany="Ld" ResFileDescription="Ld" ResProductName="Ld"/>
                  <ArCondition AppName="MSTSC\.EXE" ResCompany="Microsoft Corporation" ResFileDescription="Remote Desktop Connection" ResProductName="Microsoft® Windows® Operating Sy"/>
                  <ArCondition AppName="MSACCESS\.EXE" ResCompany="Microsoft Corporation" ResFileDescription="Microsoft Office Access" ResProductName="Microsoft Office 2003"/>
                  <ArCondition AppName="NTBACKUP\.EXE" ResCompany="Microsoft Corporation" ResFileDescription="Windows Backup Utility" ResProductName="Microsoft® Windows® Operating Sy"/>
                  <ArCondition AppName="FOXPRO\.EXE" ResCompany="FoxPro" ResFileDescription="FoxPro" ResProductName="FoxPro"/>
                  <ArCondition AppName="FOXPROW\.EXE" ResCompany="FoxPro" ResFileDescription="FoxPro" ResProductName="FoxPro"/>
                  <ArCondition AppName="MSACCESS\.EXE" ResCompany="Microsoft Corporation" ResFileDescription="Microsoft Office Access" ResProductName="2007 Microsoft Office system"/>
                  <ArCondition AppName="MSACCESS\.EXE" ResCompany="Microsoft Corporation" ResFileDescription="Microsoft Access" ResProductName="Microsoft Office 2010"/>
                  <ArCondition AppName="VMWARE\.EXE" ResCompany="VMware, Inc." ResFileDescription="VMware Virtual Machine Console" ResProductName="VMware Server"/>
</BypassedApps>
                <BypassedAppsCaseSensitive>
                  <ArCondition AppName="MSACCESS\.EXE" ResCompany="Microsoft Corporation" ResFileDescription="Microsoft Access" ResProductName="Microsoft Office 2013"/>
                  <ArCondition AppName="ld\.exe" ResCompany="Ld" ResFileDescription="Ld" ResProductName="Ld"/>
                  <ArCondition AppName="MSACCESS\.EXE" ResCompany="Microsoft Corporation" ResFileDescription="Microsoft Office Access" ResProductName="Microsoft Office 2003"/>
                  <ArCondition AppName="foxpro\.exe" ResCompany="FoxPro" ResFileDescription="FoxPro" ResProductName="FoxPro"/>
                  <ArCondition AppName="foxprow\.exe" ResCompany="FoxPro" ResFileDescription="FoxPro" ResProductName="FoxPro"/>
                  <ArCondition AppName="MSACCESS\.EXE" ResCompany="Microsoft Corporation" ResFileDescription="Microsoft Office Access" ResProductName="2007 Microsoft Office system"/>
                  <ArCondition AppName="MSACCESS\.EXE" ResCompany="Microsoft Corporation" ResFileDescription="Microsoft Access" ResProductName="Microsoft Office 2010"/>
                  <ArCondition AppName="sdclt\.exe" ResCompany="Microsoft Corporation" ResFileDescription="Microsoft® Windows Backup" ResProductName="Microsoft® Windows® Operating Sy"/>
                  <ArCondition AppName="vmware\.exe" ResCompany="VMware, Inc." ResFileDescription="VMware Virtual Machine Console" ResProductName="VMware Server"/>
                  <ArCondition AppName="mstsc\.exe" ResCompany="Microsoft Corporation" ResFileDescription="Remote Desktop Connection" ResProductName="Microsoft® Windows® Operating Sy"/>
                  <ArCondition AppName="ntbackup\.exe" ResCompany="Microsoft Corporation" ResFileDescription="Windows Backup Utility" ResProductName="Microsoft® Windows® Operating Sy"/>
</BypassedAppsCaseSensitive>
</ILPRemovableMedia>
              <ILPPrinter Cid="9" Sid="19">
                <AppRule Action="USE_CONTENT_POLICY_ACTION"/>
</ILPPrinter>
              <ILPAppFile/>
              <ILPWebApp Cid="7" Sid="18">
                <WebAccessRule Action="USE_CONTENT_POLICY_ACTION"/>
                <BrowserSettings>
                  <BrowserExtension BrowserName="CHROME" EnableExtension="1" EnableMonitorMode="0"/>
</BrowserSettings>
</ILPWebApp>
              <ILPEmail Cid="2" Sid="20"/>
</ILPProtection>
</Location>
</LocationArray>
        <UserInterface DefaultActionOnError="ALLOW" DefaultActionOnUserPromptTimeout="BLOCK" DisableFileOperationTooltip="0" DisableScanProgressTooltip="1" EnableRemoteBypass="1" EnableSuperBypass="0" LocalBypassButtonTimeout="60000" Mode="NORMAL" ShowConfirmViolatedDetails="0" ShowDetailsOnDataReviewCenter="0" ShowExportDecryptToolMenu="1">
          <ConfirmDialogTime ApplicationMaxTime="30" ClipboardMaxTime="30" EmailMaxTime="30" LanMaxTime="30" PrintFileMaxTime="30" RemovableMaxTime="30" WebPostMaxTime="30"/>
</UserInterface>
        <Log MaxLogSize="16384"/>
        <AntiTampering Enable="1"/>
        <ExcludedApps>
          <ArCondition AppName="GSMETA\.EXE|GINFORSRV\.EXE|PHPED\.EXE"/>
</ExcludedApps>
        <ContainedFiles IgnoreSpaceLimit="0" LifeTime="604800" MinDiskSpace="500" UpperLimit="100"/>
        <Communication HeartbeatInterval="600"/>
        <Encryption>
          <PrimaryKey FileHeader="This file is protected by Forcepoint DLP Endpoint. Open it on an authorized endpoint machine or run the decryption utility that's on the removable media." Key="boQSSRPgeF4h1KGcm1gZErHOX/D+02vQHxLW2CPGFE7Iz5jFMEcwuXMZ0RKp2bambQkHpbL0bublBXWVKPZZ4Q==" KeyID="389515344"/>
</Encryption>
</ILPClientConfiguration>