<?xml version="1.0" encoding="UTF-8"?>
<EndPointClassifierStaticConfig>
	<Parameter>
		<Name>UseDuplicateIncidentFilter</Name>
		<Value>true</Value>
	</Parameter>
	<Parameter>
		<Name>IncidentFilterSize</Name>
		<Value>1000</Value>
	</Parameter>
	<Parameter>
		<Name>IncidentFilterCahceTimeFrame</Name>
		<Value>75</Value>
	</Parameter>
	<Parameter>
		<Name>IncidentFilterApplicationList</Name>
		<Value>google.com</Value>
	</Parameter>
	<Parameter>
		<Name>useScriptsLogs</Name>
		<Value>true</Value>
	</Parameter>
	<Parameter>
		<Name>RapEventsPersistencyEnabled</Name>
		<Value>true</Value>
	</Parameter>
	<Parameter>
		<Name>RapAggregatorSecTimeout</Name>
		<Value>5</Value>
	</Parameter>
	<Parameter>
		<Name>RapAggregatorBytesMaxSize</Name>
		<Value>102400</Value>
	</Parameter>
	<Parameter>
		<Name>RapAggregatorMaxMessages</Name>
		<Value>30</Value>
	</Parameter>
	<Parameter>
		<Name>EverestPolicyRequestTimeout</Name>
		<Value>30</Value>
	</Parameter>	
	<Parameter>
		<Name>MiniDataLakeEnabled</Name>
		<Value>false</Value>
	</Parameter>
</EndPointClassifierStaticConfig>