
<PolicyEngine>

  <ContentClassifierProcessor type="0">
    <PatternExecutor type="2">
      <NumOfObservations>267</NumOfObservations>
      <TotalTimeMilliseconds>0</TotalTimeMilliseconds>
      <TotalTimeDays>0</TotalTimeDays>
      <Min>0</Min>
      <Max>0</Max>
      <AverageTimeMilliseconds>0.000000</AverageTimeMilliseconds>
      <Last>0,0,0,0,0,0,0,0,0,0</Last>
      <TotalTime type="2">
        <NumOfObservations>267</NumOfObservations>
        <TotalTimeMilliseconds>0</TotalTimeMilliseconds>
        <TotalTimeDays>0</TotalTimeDays>
        <Min>0</Min>
        <Max>0</Max>
        <AverageTimeMilliseconds>0.000000</AverageTimeMilliseconds>
        <Last>0,0,0,0,0,0,0,0,0,0</Last>
      </TotalTime>
    </PatternExecutor>
    <ScriptExecutor type="0">
      <TotalTime type="2">
        <NumOfObservations>41</NumOfObservations>
        <TotalTimeMilliseconds>3</TotalTimeMilliseconds>
        <TotalTimeDays>0</TotalTimeDays>
        <Min>0</Min>
        <Max>1</Max>
        <AverageTimeMilliseconds>0.073171</AverageTimeMilliseconds>
        <Last>0,0,0,0,0,0,0,0,0,0</Last>
      </TotalTime>
      <email_rules_email_addresses_not_maksed type="2">
        <NumOfObservations>41</NumOfObservations>
        <TotalTimeMilliseconds>3</TotalTimeMilliseconds>
        <TotalTimeDays>0</TotalTimeDays>
        <Min>0</Min>
        <Max>1</Max>
        <AverageTimeMilliseconds>0.073171</AverageTimeMilliseconds>
        <Last>0,0,0,0,0,0,0,0,0,0</Last>
      </email_rules_email_addresses_not_maksed>
    </ScriptExecutor>
    <TotalProcessorTime type="2">
      <NumOfObservations>140</NumOfObservations>
      <TotalTimeMilliseconds>20</TotalTimeMilliseconds>
      <TotalTimeDays>0</TotalTimeDays>
      <Min>0</Min>
      <Max>15</Max>
      <AverageTimeMilliseconds>0.142857</AverageTimeMilliseconds>
      <Last>0,0,0,0,0,0,0,0,0,0</Last>
    </TotalProcessorTime>
  </ContentClassifierProcessor>

  <DictionaryStruct type="0">
    <HashTypeDictionary type="0">
      <CanonizationTime type="2">
        <NumOfObservations>41</NumOfObservations>
        <TotalTimeMilliseconds>1</TotalTimeMilliseconds>
        <TotalTimeDays>0</TotalTimeDays>
        <Min>0</Min>
        <Max>1</Max>
        <AverageTimeMilliseconds>0.024390</AverageTimeMilliseconds>
        <Last>0,0,0,0,0,0,0,0,0,0</Last>
      </CanonizationTime>
      <CanonizedVectorCreateTime type="2">
        <NumOfObservations>41</NumOfObservations>
        <TotalTimeMilliseconds>0</TotalTimeMilliseconds>
        <TotalTimeDays>0</TotalTimeDays>
        <Min>0</Min>
        <Max>0</Max>
        <AverageTimeMilliseconds>0.000000</AverageTimeMilliseconds>
        <Last>0,0,0,0,0,0,0,0,0,0</Last>
      </CanonizedVectorCreateTime>
      <SearchTime type="2">
        <NumOfObservations>41</NumOfObservations>
        <TotalTimeMilliseconds>1</TotalTimeMilliseconds>
        <TotalTimeDays>0</TotalTimeDays>
        <Min>0</Min>
        <Max>1</Max>
        <AverageTimeMilliseconds>0.024390</AverageTimeMilliseconds>
        <Last>0,0,0,0,0,0,0,0,0,0</Last>
      </SearchTime>
      <TotalTime type="2">
        <NumOfObservations>41</NumOfObservations>
        <TotalTimeMilliseconds>2</TotalTimeMilliseconds>
        <TotalTimeDays>0</TotalTimeDays>
        <Min>0</Min>
        <Max>1</Max>
        <AverageTimeMilliseconds>0.048780</AverageTimeMilliseconds>
        <Last>0,0,0,0,0,0,0,0,0,0</Last>
      </TotalTime>
    </HashTypeDictionary>
  </DictionaryStruct>

  <Evaluator type="0">
    <AnalysisTime type="0">
      <ENDPOINT_HTTP type="2">
        <NumOfObservations>10</NumOfObservations>
        <TotalTimeMilliseconds>158</TotalTimeMilliseconds>
        <TotalTimeDays>0</TotalTimeDays>
        <Min>0</Min>
        <Max>46</Max>
        <AverageTimeMilliseconds>15.800000</AverageTimeMilliseconds>
        <Last>0,31,46,31,0,11,0,24,0,15,0,0,0,0,0,0,0,0,0,0,0,0,0,0,0,0,0,0,0,0,0,0,0,0,0,0,0,0,0,0,0,0,0,0,0,0,0,0,0,0,0,0,0,0,0,0,0,0,0,0,0,0,0,0,0,0,0,0,0,0,0,0,0,0,0,0,0,0,0,0,0,0,0,0,0,0,0,0,0,0,0,0,0,0,0,0,0,0,0,0</Last>
      </ENDPOINT_HTTP>
      <ENDPOINT_HTTPS type="2">
        <NumOfObservations>10</NumOfObservations>
        <TotalTimeMilliseconds>2517</TotalTimeMilliseconds>
        <TotalTimeDays>0</TotalTimeDays>
        <Min>46</Min>
        <Max>1312</Max>
        <AverageTimeMilliseconds>251.700000</AverageTimeMilliseconds>
        <Last>1312,296,261,230,94,61,93,62,62,46,0,0,0,0,0,0,0,0,0,0,0,0,0,0,0,0,0,0,0,0,0,0,0,0,0,0,0,0,0,0,0,0,0,0,0,0,0,0,0,0,0,0,0,0,0,0,0,0,0,0,0,0,0,0,0,0,0,0,0,0,0,0,0,0,0,0,0,0,0,0,0,0,0,0,0,0,0,0,0,0,0,0,0,0,0,0,0,0,0,0</Last>
      </ENDPOINT_HTTPS>
      <Total type="2">
        <NumOfObservations>20</NumOfObservations>
        <TotalTimeMilliseconds>2675</TotalTimeMilliseconds>
        <TotalTimeDays>0</TotalTimeDays>
        <Min>0</Min>
        <Max>1312</Max>
        <AverageTimeMilliseconds>133.750000</AverageTimeMilliseconds>
        <Last>1312,296,0,31,46,31,261,230,0,11,0,94,61,24,0,93,62,62,46,15,0,0,0,0,0,0,0,0,0,0,0,0,0,0,0,0,0,0,0,0,0,0,0,0,0,0,0,0,0,0,0,0,0,0,0,0,0,0,0,0,0,0,0,0,0,0,0,0,0,0,0,0,0,0,0,0,0,0,0,0,0,0,0,0,0,0,0,0,0,0,0,0,0,0,0,0,0,0,0,0</Last>
      </Total>
    </AnalysisTime>
    <CycleCountPerTransaction type="1">
      <NumOfObservations>20</NumOfObservations>
      <Sum>220</Sum>
      <Min>10</Min>
      <Max>12</Max>
      <Average>11.000000</Average>
      <STD>1.025978</STD>
      <Last>12,10,10,12,12,10,10,10,10,12</Last>
    </CycleCountPerTransaction>
    <CycleTime type="2">
      <NumOfObservations>220</NumOfObservations>
      <TotalTimeMilliseconds>85</TotalTimeMilliseconds>
      <TotalTimeDays>0</TotalTimeDays>
      <Min>0</Min>
      <Max>15</Max>
      <AverageTimeMilliseconds>0.386364</AverageTimeMilliseconds>
      <Last>0,0,0,0,0,0,0,0,0,0</Last>
    </CycleTime>
    <TotalEvaluationTime type="2">
      <NumOfObservations>19</NumOfObservations>
      <TotalTimeMilliseconds>126</TotalTimeMilliseconds>
      <TotalTimeDays>0</TotalTimeDays>
      <Min>0</Min>
      <Max>31</Max>
      <AverageTimeMilliseconds>6.631579</AverageTimeMilliseconds>
      <Last>0,3,3,3,0,0,0,15,0,3</Last>
    </TotalEvaluationTime>
    <TotalProcessingTime type="2">
      <NumOfObservations>19</NumOfObservations>
      <TotalTimeMilliseconds>2540</TotalTimeMilliseconds>
      <TotalTimeDays>0</TotalTimeDays>
      <Min>0</Min>
      <Max>1312</Max>
      <AverageTimeMilliseconds>133.684211</AverageTimeMilliseconds>
      <Last>0,92,57,19,0,93,62,47,46,7</Last>
    </TotalProcessingTime>
    <TotalQueueTime type="2">
      <NumOfObservations>20</NumOfObservations>
      <TotalTimeMilliseconds>0</TotalTimeMilliseconds>
      <TotalTimeDays>0</TotalTimeDays>
      <Min>0</Min>
      <Max>0</Max>
      <AverageTimeMilliseconds>0.000000</AverageTimeMilliseconds>
      <Last>0,0,0,0,0,0,0,0,0,0</Last>
    </TotalQueueTime>
  </Evaluator>

  <ExtractionProcessor type="0">
    <TotalTime type="2">
      <NumOfObservations>20</NumOfObservations>
      <TotalTimeMilliseconds>2462</TotalTimeMilliseconds>
      <TotalTimeDays>0</TotalTimeDays>
      <Min>0</Min>
      <Max>1295</Max>
      <AverageTimeMilliseconds>123.100000</AverageTimeMilliseconds>
      <Last>0,91,55,13,0,93,47,47,46,0</Last>
    </TotalTime>
  </ExtractionProcessor>

  <QueueStats type="0">
    <QueuePriorityStatus_6 type="1">
      <NumOfObservations>39</NumOfObservations>
      <Sum>20</Sum>
      <Min>0</Min>
      <Max>1</Max>
      <Average>0.512821</Average>
      <STD>0.512989</STD>
      <Last>1,0,1,0,1,0,1,0,1,0</Last>
    </QueuePriorityStatus_6>
    <TotalQueuePriority_6 type="1">
      <NumOfObservations>39</NumOfObservations>
      <Sum>20</Sum>
      <Min>0</Min>
      <Max>1</Max>
      <Average>0.512821</Average>
      <STD>0.512989</STD>
      <Last>1,0,1,0,1,0,1,0,1,0</Last>
    </TotalQueuePriority_6>
    <TransToProcess_1 type="0">
      <QueuePriority_6 type="1">
        <NumOfObservations>140</NumOfObservations>
        <Sum>140</Sum>
        <Min>1</Min>
        <Max>1</Max>
        <Average>1.000000</Average>
        <STD>0.000000</STD>
        <Last>1,1,1,1,1,1,1,1,1,1</Last>
      </QueuePriority_6>
    </TransToProcess_1>
    <TransToProcess_2 type="0">
      <QueuePriority_6 type="1">
        <NumOfObservations>20</NumOfObservations>
        <Sum>20</Sum>
        <Min>1</Min>
        <Max>1</Max>
        <Average>1.000000</Average>
        <STD>0.000000</STD>
        <Last>1,1,1,1,1,1,1,1,1,1</Last>
      </QueuePriority_6>
    </TransToProcess_2>
    <TransToProcess_4 type="0">
      <QueuePriority_6 type="1">
        <NumOfObservations>20</NumOfObservations>
        <Sum>20</Sum>
        <Min>1</Min>
        <Max>1</Max>
        <Average>1.000000</Average>
        <STD>0.000000</STD>
        <Last>1,1,1,1,1,1,1,1,1,1</Last>
      </QueuePriority_6>
    </TransToProcess_4>
    <TransToProcess_5 type="0">
      <QueuePriority_6 type="1">
        <NumOfObservations>20</NumOfObservations>
        <Sum>20</Sum>
        <Min>1</Min>
        <Max>1</Max>
        <Average>1.000000</Average>
        <STD>0.000000</STD>
        <Last>1,1,1,1,1,1,1,1,1,1</Last>
      </QueuePriority_6>
    </TransToProcess_5>
    <TransToProcess_6 type="0">
      <QueuePriority_6 type="1">
        <NumOfObservations>20</NumOfObservations>
        <Sum>20</Sum>
        <Min>1</Min>
        <Max>1</Max>
        <Average>1.000000</Average>
        <STD>0.000000</STD>
        <Last>1,1,1,1,1,1,1,1,1,1</Last>
      </QueuePriority_6>
    </TransToProcess_6>
  </QueueStats>

  <StatefulDLP type="0">
    <DbMemoryConsumption type="1">
      <NumOfObservations>5728</NumOfObservations>
      <Sum>0</Sum>
      <Min>0</Min>
      <Max>0</Max>
      <Average>0.000000</Average>
      <STD>0.000000</STD>
      <Last>0,0,0,0,0,0,0,0,0,0</Last>
    </DbMemoryConsumption>
  </StatefulDLP>

  <TransactionLogic type="0">
    <NumberOfTransactions type="0">
      <ENDPOINT_HTTP type="1">
        <NumOfObservations>9</NumOfObservations>
        <Sum>9</Sum>
        <Min>1</Min>
        <Max>1</Max>
        <Average>1.000000</Average>
        <STD>0.000000</STD>
        <Last>1,1,1,1,1,1,1,1,1,0</Last>
      </ENDPOINT_HTTP>
      <ENDPOINT_HTTPS type="1">
        <NumOfObservations>10</NumOfObservations>
        <Sum>10</Sum>
        <Min>1</Min>
        <Max>1</Max>
        <Average>1.000000</Average>
        <STD>0.000000</STD>
        <Last>1,1,1,1,1,1,1,1,1,1</Last>
      </ENDPOINT_HTTPS>
      <Total type="1">
        <NumOfObservations>19</NumOfObservations>
        <Sum>19</Sum>
        <Min>1</Min>
        <Max>1</Max>
        <Average>1.000000</Average>
        <STD>0.000000</STD>
        <Last>1,1,1,1,1,1,1,1,1,1</Last>
      </Total>
    </NumberOfTransactions>
    <TransactionsSize type="0">
      <ENDPOINT_HTTP type="2">
        <NumOfObservations>9</NumOfObservations>
        <TotalTimeMilliseconds>37754</TotalTimeMilliseconds>
        <TotalTimeDays>0</TotalTimeDays>
        <Min>586</Min>
        <Max>20130</Max>
        <AverageTimeMilliseconds>4194.888889</AverageTimeMilliseconds>
        <Last>2742,2742,586,586,2742,2742,2742,20130,2742,0</Last>
      </ENDPOINT_HTTP>
      <ENDPOINT_HTTPS type="2">
        <NumOfObservations>10</NumOfObservations>
        <TotalTimeMilliseconds>156597</TotalTimeMilliseconds>
        <TotalTimeDays>0</TotalTimeDays>
        <Min>683</Min>
        <Max>55007</Max>
        <AverageTimeMilliseconds>15659.700000</AverageTimeMilliseconds>
        <Last>4199,683,39254,4689,23335,3078,55007,4300,18699,3353</Last>
      </ENDPOINT_HTTPS>
      <Total type="2">
        <NumOfObservations>19</NumOfObservations>
        <TotalTimeMilliseconds>194351</TotalTimeMilliseconds>
        <TotalTimeDays>0</TotalTimeDays>
        <Min>586</Min>
        <Max>55007</Max>
        <AverageTimeMilliseconds>10229.000000</AverageTimeMilliseconds>
        <Last>2742,23335,3078,20130,2742,55007,4300,18699,3353,2742</Last>
      </Total>
    </TransactionsSize>
  </TransactionLogic>

</PolicyEngine>