
<policyEngineConfig>

  <resourceResolverWorkingSet>
    <version>14677</version>
    <installeruid>{545dda48-8bee-4c0c-96c2-73207988e81d}</installeruid>
    <datatypes>
      <datatype id="fa64d1bb-7b28-4709-8d96-a114a381f029" type="IPAddress">
        <data>192.168.122.21</data>
      </datatype>
      <datatype id="fa64d1bb-7b28-4709-8d96-a114a381f029" type="Hostname">
        <data>fsmserver</data>
      </datatype>
      <datatype id="87ad8314-b81b-4ee4-ac7f-4265bf44b6d0" type="Hostname">
        <data>fsmserver</data>
      </datatype>
      <datatype id="fa64d1bb-7b28-4709-8d96-a114a381f029" type="IPAddress">
        <data>192.168.122.21</data>
      </datatype>
      <datatype id="fa64d1bb-7b28-4709-8d96-a114a381f029" type="Hostname">
        <data>fsmserver</data>
      </datatype>
      <datatype id="1ed38b6d-ab42-4420-b102-df4f572f6436" type="Domain">
        <data>*.salesforce.com</data>
        <data>salesforce.com</data>
        <memberOf>d149e009-a35b-44c3-a74c-56c7b82dd7b1</memberOf>
      </datatype>
      <datatype id="1ed38b6d-ab42-4420-b102-df4f572f6436" type="Domain">
        <data>*.salesforce.com</data>
        <data>salesforce.com</data>
        <memberOf>d149e009-a35b-44c3-a74c-56c7b82dd7b1</memberOf>
      </datatype>
      <datatype id="2a208f31-7f53-4e01-8b17-24a7938d24f2" type="Domain">
        <data>*.eclipsys.com</data>
        <data>eclipsys.com</data>
        <memberOf>d149e009-a35b-44c3-a74c-56c7b82dd7b1</memberOf>
      </datatype>
      <datatype id="2a208f31-7f53-4e01-8b17-24a7938d24f2" type="Domain">
        <data>*.eclipsys.com</data>
        <data>eclipsys.com</data>
        <memberOf>d149e009-a35b-44c3-a74c-56c7b82dd7b1</memberOf>
      </datatype>
      <datatype id="3c911d3f-d4ba-451c-b048-54f50644a6b4" type="Domain">
        <data>*.aplicor.com</data>
        <data>aplicor.com</data>
        <memberOf>d149e009-a35b-44c3-a74c-56c7b82dd7b1</memberOf>
      </datatype>
      <datatype id="3c911d3f-d4ba-451c-b048-54f50644a6b4" type="Domain">
        <data>*.aplicor.com</data>
        <data>aplicor.com</data>
        <memberOf>d149e009-a35b-44c3-a74c-56c7b82dd7b1</memberOf>
      </datatype>
      <datatype id="45a961d5-b4dc-4328-a497-c2d64a3d688f" type="Domain">
        <data>*.igreat.com</data>
        <data>igreat.com</data>
        <memberOf>d149e009-a35b-44c3-a74c-56c7b82dd7b1</memberOf>
      </datatype>
      <datatype id="45a961d5-b4dc-4328-a497-c2d64a3d688f" type="Domain">
        <data>*.igreat.com</data>
        <data>igreat.com</data>
        <memberOf>d149e009-a35b-44c3-a74c-56c7b82dd7b1</memberOf>
      </datatype>
      <datatype id="5f1d204f-8d30-41b7-a3dc-e0123400a35d" type="Domain">
        <data>*.eclinicalworks.com</data>
        <data>eclinicalworks.com</data>
        <memberOf>d149e009-a35b-44c3-a74c-56c7b82dd7b1</memberOf>
      </datatype>
      <datatype id="5f1d204f-8d30-41b7-a3dc-e0123400a35d" type="Domain">
        <data>*.eclinicalworks.com</data>
        <data>eclinicalworks.com</data>
        <memberOf>d149e009-a35b-44c3-a74c-56c7b82dd7b1</memberOf>
      </datatype>
      <datatype id="6f4a6175-3acd-4082-9653-e59fe0acb58e" type="Domain">
        <data>*.allegiancemd.com</data>
        <data>allegiancemd.com</data>
        <memberOf>d149e009-a35b-44c3-a74c-56c7b82dd7b1</memberOf>
      </datatype>
      <datatype id="6f4a6175-3acd-4082-9653-e59fe0acb58e" type="Domain">
        <data>*.allegiancemd.com</data>
        <data>allegiancemd.com</data>
        <memberOf>d149e009-a35b-44c3-a74c-56c7b82dd7b1</memberOf>
      </datatype>
      <datatype id="818c4ebc-cc3d-4b79-95ab-a3bee6ef432b" type="Domain">
        <data>*.ingenix.com</data>
        <data>ingenix.com</data>
        <memberOf>d149e009-a35b-44c3-a74c-56c7b82dd7b1</memberOf>
      </datatype>
      <datatype id="818c4ebc-cc3d-4b79-95ab-a3bee6ef432b" type="Domain">
        <data>*.ingenix.com</data>
        <data>ingenix.com</data>
        <memberOf>d149e009-a35b-44c3-a74c-56c7b82dd7b1</memberOf>
      </datatype>
      <datatype id="8d287524-a0bc-4bf1-a134-ed3e059506c7" type="Domain">
        <data>*.crm.com</data>
        <data>crm.com</data>
        <memberOf>d149e009-a35b-44c3-a74c-56c7b82dd7b1</memberOf>
      </datatype>
      <datatype id="8d287524-a0bc-4bf1-a134-ed3e059506c7" type="Domain">
        <data>*.crm.com</data>
        <data>crm.com</data>
        <memberOf>d149e009-a35b-44c3-a74c-56c7b82dd7b1</memberOf>
      </datatype>
      <datatype id="9acbdcc5-29f0-4d4b-a37b-ac87da0fbaf5" type="Domain">
        <data>*.workday.com</data>
        <data>workday.com</data>
        <memberOf>d149e009-a35b-44c3-a74c-56c7b82dd7b1</memberOf>
      </datatype>
      <datatype id="9acbdcc5-29f0-4d4b-a37b-ac87da0fbaf5" type="Domain">
        <data>*.workday.com</data>
        <data>workday.com</data>
        <memberOf>d149e009-a35b-44c3-a74c-56c7b82dd7b1</memberOf>
      </datatype>
      <datatype id="b5f3885b-247f-41de-8755-e4f311c9e538" type="Domain">
        <data>*.hostanalytics.com</data>
        <data>hostanalytics.com</data>
        <memberOf>d149e009-a35b-44c3-a74c-56c7b82dd7b1</memberOf>
      </datatype>
      <datatype id="b5f3885b-247f-41de-8755-e4f311c9e538" type="Domain">
        <data>*.hostanalytics.com</data>
        <data>hostanalytics.com</data>
        <memberOf>d149e009-a35b-44c3-a74c-56c7b82dd7b1</memberOf>
      </datatype>
      <datatype id="bcc8abf8-8f73-42ce-b8d5-78366ffedce9" type="Domain">
        <data>*.force.com</data>
        <data>force.com</data>
      </datatype>
      <datatype id="bcc8abf8-8f73-42ce-b8d5-78366ffedce9" type="Domain">
        <data>*.force.com</data>
        <data>force.com</data>
      </datatype>
      <datatype id="c963d825-adcf-4241-98ff-ad0c958e44f1" type="Domain">
        <data>*.rightnow.com</data>
        <data>rightnow.com</data>
        <memberOf>d149e009-a35b-44c3-a74c-56c7b82dd7b1</memberOf>
      </datatype>
      <datatype id="c963d825-adcf-4241-98ff-ad0c958e44f1" type="Domain">
        <data>*.rightnow.com</data>
        <data>rightnow.com</data>
        <memberOf>d149e009-a35b-44c3-a74c-56c7b82dd7b1</memberOf>
      </datatype>
      <datatype id="ddd2e3e7-f6f3-415b-8b9f-6db3e73e05ae" type="Domain">
        <data>*.netsuite.com</data>
        <data>netsuite.com</data>
        <memberOf>d149e009-a35b-44c3-a74c-56c7b82dd7b1</memberOf>
      </datatype>
      <datatype id="ddd2e3e7-f6f3-415b-8b9f-6db3e73e05ae" type="Domain">
        <data>*.netsuite.com</data>
        <data>netsuite.com</data>
        <memberOf>d149e009-a35b-44c3-a74c-56c7b82dd7b1</memberOf>
      </datatype>
      <datatype id="f0b89527-8ace-47f2-88f0-d58bebf2a832" type="Domain">
        <data>*.sequelmed.com</data>
        <data>sequelmed.com</data>
        <memberOf>d149e009-a35b-44c3-a74c-56c7b82dd7b1</memberOf>
      </datatype>
      <datatype id="f0b89527-8ace-47f2-88f0-d58bebf2a832" type="Domain">
        <data>*.sequelmed.com</data>
        <data>sequelmed.com</data>
        <memberOf>d149e009-a35b-44c3-a74c-56c7b82dd7b1</memberOf>
      </datatype>
      <datatype id="f3a7f9b2-bd5f-47cd-8029-87231fa7c207" type="Domain">
        <data>*.crmondemand.com</data>
        <data>crmondemand.com</data>
        <memberOf>d149e009-a35b-44c3-a74c-56c7b82dd7b1</memberOf>
      </datatype>
      <datatype id="f3a7f9b2-bd5f-47cd-8029-87231fa7c207" type="Domain">
        <data>*.crmondemand.com</data>
        <data>crmondemand.com</data>
        <memberOf>d149e009-a35b-44c3-a74c-56c7b82dd7b1</memberOf>
      </datatype>
      <datatype id="fbe31a7f-0ee5-4c9e-bd2e-1d9419df1c34" type="Domain">
        <data>*.intacct.com</data>
        <data>intacct.com</data>
        <memberOf>d149e009-a35b-44c3-a74c-56c7b82dd7b1</memberOf>
      </datatype>
      <datatype id="fbe31a7f-0ee5-4c9e-bd2e-1d9419df1c34" type="Domain">
        <data>*.intacct.com</data>
        <data>intacct.com</data>
        <memberOf>d149e009-a35b-44c3-a74c-56c7b82dd7b1</memberOf>
      </datatype>
      <datatype id="100" type="ApplicationID">
        <data>100</data>
        <memberOf>1</memberOf>
      </datatype>
      <datatype id="101" type="ApplicationID">
        <data>101</data>
        <memberOf>1</memberOf>
      </datatype>
      <datatype id="102" type="ApplicationID">
        <data>102</data>
        <memberOf>1</memberOf>
      </datatype>
      <datatype id="103" type="ApplicationID">
        <data>103</data>
        <memberOf>1</memberOf>
      </datatype>
      <datatype id="104" type="ApplicationID">
        <data>104</data>
        <memberOf>1</memberOf>
      </datatype>
      <datatype id="105" type="ApplicationID">
        <data>105</data>
        <memberOf>2</memberOf>
      </datatype>
      <datatype id="107" type="ApplicationID">
        <data>107</data>
        <memberOf>2</memberOf>
      </datatype>
      <datatype id="108" type="ApplicationID">
        <data>108</data>
        <memberOf>2</memberOf>
      </datatype>
      <datatype id="109" type="ApplicationID">
        <data>109</data>
        <memberOf>2</memberOf>
      </datatype>
      <datatype id="110" type="ApplicationID">
        <data>110</data>
        <memberOf>2</memberOf>
      </datatype>
      <datatype id="111" type="ApplicationID">
        <data>111</data>
        <memberOf>3</memberOf>
      </datatype>
      <datatype id="112" type="ApplicationID">
        <data>112</data>
        <memberOf>3</memberOf>
      </datatype>
      <datatype id="113" type="ApplicationID">
        <data>113</data>
        <memberOf>3</memberOf>
      </datatype>
      <datatype id="114" type="ApplicationID">
        <data>114</data>
        <memberOf>3</memberOf>
      </datatype>
      <datatype id="115" type="ApplicationID">
        <data>115</data>
        <memberOf>3</memberOf>
      </datatype>
      <datatype id="116" type="ApplicationID">
        <data>116</data>
        <memberOf>3</memberOf>
      </datatype>
      <datatype id="117" type="ApplicationID">
        <data>117</data>
        <memberOf>3</memberOf>
      </datatype>
      <datatype id="118" type="ApplicationID">
        <data>118</data>
        <memberOf>3</memberOf>
      </datatype>
      <datatype id="119" type="ApplicationID">
        <data>119</data>
        <memberOf>4</memberOf>
      </datatype>
      <datatype id="120" type="ApplicationID">
        <data>120</data>
        <memberOf>4</memberOf>
      </datatype>
      <datatype id="121" type="ApplicationID">
        <data>121</data>
        <memberOf>4</memberOf>
      </datatype>
      <datatype id="122" type="ApplicationID">
        <data>122</data>
        <memberOf>4</memberOf>
      </datatype>
      <datatype id="123" type="ApplicationID">
        <data>123</data>
        <memberOf>4</memberOf>
      </datatype>
      <datatype id="124" type="ApplicationID">
        <data>124</data>
        <memberOf>4</memberOf>
      </datatype>
      <datatype id="125" type="ApplicationID">
        <data>125</data>
        <memberOf>4</memberOf>
      </datatype>
      <datatype id="126" type="ApplicationID">
        <data>126</data>
        <memberOf>4</memberOf>
      </datatype>
      <datatype id="127" type="ApplicationID">
        <data>127</data>
        <memberOf>4</memberOf>
      </datatype>
      <datatype id="129" type="ApplicationID">
        <data>129</data>
        <memberOf>4</memberOf>
      </datatype>
      <datatype id="130" type="ApplicationID">
        <data>130</data>
        <memberOf>4</memberOf>
      </datatype>
      <datatype id="131" type="ApplicationID">
        <data>131</data>
        <memberOf>4</memberOf>
      </datatype>
      <datatype id="132" type="ApplicationID">
        <data>132</data>
        <memberOf>4</memberOf>
      </datatype>
      <datatype id="133" type="ApplicationID">
        <data>133</data>
        <memberOf>5</memberOf>
      </datatype>
      <datatype id="136" type="ApplicationID">
        <data>136</data>
        <memberOf>5</memberOf>
      </datatype>
      <datatype id="137" type="ApplicationID">
        <data>137</data>
        <memberOf>5</memberOf>
      </datatype>
      <datatype id="139" type="ApplicationID">
        <data>139</data>
        <memberOf>5</memberOf>
      </datatype>
      <datatype id="143" type="ApplicationID">
        <data>143</data>
        <memberOf>5</memberOf>
      </datatype>
      <datatype id="146" type="ApplicationID">
        <data>146</data>
        <memberOf>5</memberOf>
      </datatype>
      <datatype id="160" type="ApplicationID">
        <data>160</data>
        <memberOf>6</memberOf>
      </datatype>
      <datatype id="161" type="ApplicationID">
        <data>161</data>
        <memberOf>6</memberOf>
      </datatype>
      <datatype id="162" type="ApplicationID">
        <data>162</data>
        <memberOf>6</memberOf>
      </datatype>
      <datatype id="163" type="ApplicationID">
        <data>163</data>
        <memberOf>6</memberOf>
      </datatype>
      <datatype id="164" type="ApplicationID">
        <data>164</data>
        <memberOf>6</memberOf>
      </datatype>
      <datatype id="165" type="ApplicationID">
        <data>165</data>
        <memberOf>6</memberOf>
      </datatype>
      <datatype id="166" type="ApplicationID">
        <data>166</data>
        <memberOf>6</memberOf>
      </datatype>
      <datatype id="167" type="ApplicationID">
        <data>167</data>
        <memberOf>6</memberOf>
      </datatype>
      <datatype id="180" type="ApplicationID">
        <data>180</data>
        <memberOf>10</memberOf>
      </datatype>
      <datatype id="181" type="ApplicationID">
        <data>181</data>
        <memberOf>10</memberOf>
      </datatype>
      <datatype id="182" type="ApplicationID">
        <data>182</data>
        <memberOf>10</memberOf>
      </datatype>
      <datatype id="183" type="ApplicationID">
        <data>183</data>
        <memberOf>10</memberOf>
      </datatype>
      <datatype id="184" type="ApplicationID">
        <data>184</data>
        <memberOf>1</memberOf>
        <memberOf>10</memberOf>
      </datatype>
      <datatype id="200" type="ApplicationID">
        <data>200</data>
        <memberOf>11</memberOf>
      </datatype>
      <datatype id="201" type="ApplicationID">
        <data>201</data>
        <memberOf>11</memberOf>
      </datatype>
      <datatype id="202" type="ApplicationID">
        <data>202</data>
        <memberOf>11</memberOf>
      </datatype>
      <datatype id="203" type="ApplicationID">
        <data>203</data>
        <memberOf>11</memberOf>
      </datatype>
      <datatype id="204" type="ApplicationID">
        <data>204</data>
        <memberOf>11</memberOf>
      </datatype>
      <datatype id="205" type="ApplicationID">
        <data>205</data>
        <memberOf>11</memberOf>
      </datatype>
      <datatype id="206" type="ApplicationID">
        <data>206</data>
        <memberOf>11</memberOf>
      </datatype>
      <datatype id="207" type="ApplicationID">
        <data>207</data>
        <memberOf>11</memberOf>
      </datatype>
      <datatype id="208" type="ApplicationID">
        <data>208</data>
        <memberOf>11</memberOf>
      </datatype>
      <datatype id="209" type="ApplicationID">
        <data>209</data>
        <memberOf>11</memberOf>
      </datatype>
      <datatype id="210" type="ApplicationID">
        <data>210</data>
        <memberOf>11</memberOf>
      </datatype>
      <datatype id="211" type="ApplicationID">
        <data>211</data>
        <memberOf>11</memberOf>
      </datatype>
      <datatype id="212" type="ApplicationID">
        <data>212</data>
        <memberOf>11</memberOf>
      </datatype>
      <datatype id="213" type="ApplicationID">
        <data>213</data>
        <memberOf>11</memberOf>
      </datatype>
      <datatype id="214" type="ApplicationID">
        <data>214</data>
        <memberOf>11</memberOf>
      </datatype>
      <datatype id="215" type="ApplicationID">
        <data>215</data>
        <memberOf>11</memberOf>
      </datatype>
      <datatype id="216" type="ApplicationID">
        <data>216</data>
        <memberOf>11</memberOf>
      </datatype>
      <datatype id="217" type="ApplicationID">
        <data>217</data>
        <memberOf>11</memberOf>
      </datatype>
      <datatype id="230" type="ApplicationID">
        <data>230</data>
        <memberOf>8</memberOf>
      </datatype>
      <datatype id="231" type="ApplicationID">
        <data>231</data>
        <memberOf>8</memberOf>
      </datatype>
      <datatype id="232" type="ApplicationID">
        <data>232</data>
        <memberOf>8</memberOf>
      </datatype>
      <datatype id="233" type="ApplicationID">
        <data>233</data>
        <memberOf>8</memberOf>
      </datatype>
      <datatype id="240" type="ApplicationID">
        <data>240</data>
        <memberOf>9</memberOf>
      </datatype>
      <datatype id="241" type="ApplicationID">
        <data>241</data>
        <memberOf>9</memberOf>
      </datatype>
      <datatype id="242" type="ApplicationID">
        <data>242</data>
        <memberOf>9</memberOf>
      </datatype>
      <datatype id="300" type="ApplicationID">
        <data>300</data>
        <memberOf>3</memberOf>
      </datatype>
      <datatype id="301" type="ApplicationID">
        <data>301</data>
        <memberOf>3</memberOf>
      </datatype>
      <datatype id="310" type="ApplicationID">
        <data>310</data>
        <memberOf>11</memberOf>
      </datatype>
      <datatype id="312" type="ApplicationID">
        <data>312</data>
        <memberOf>5</memberOf>
      </datatype>
      <datatype id="313" type="ApplicationID">
        <data>313</data>
        <memberOf>1</memberOf>
      </datatype>
      <datatype id="314" type="ApplicationID">
        <data>314</data>
        <memberOf>1</memberOf>
      </datatype>
      <datatype id="315" type="ApplicationID">
        <data>315</data>
        <memberOf>4</memberOf>
      </datatype>
      <datatype id="350" type="ApplicationID">
        <data>350</data>
        <memberOf>12</memberOf>
      </datatype>
      <datatype id="351" type="ApplicationID">
        <data>351</data>
        <memberOf>12</memberOf>
      </datatype>
      <datatype id="352" type="ApplicationID">
        <data>352</data>
        <memberOf>12</memberOf>
      </datatype>
      <datatype id="353" type="ApplicationID">
        <data>353</data>
        <memberOf>12</memberOf>
      </datatype>
      <datatype id="354" type="ApplicationID">
        <data>354</data>
        <memberOf>12</memberOf>
      </datatype>
      <datatype id="355" type="ApplicationID">
        <data>355</data>
        <memberOf>11</memberOf>
      </datatype>
      <datatype id="356" type="ApplicationID">
        <data>356</data>
        <memberOf>11</memberOf>
      </datatype>
      <datatype id="357" type="ApplicationID">
        <data>357</data>
        <memberOf>6</memberOf>
      </datatype>
      <datatype id="358" type="ApplicationID">
        <data>358</data>
        <memberOf>5</memberOf>
      </datatype>
      <datatype id="359" type="ApplicationID">
        <data>359</data>
        <memberOf>2</memberOf>
      </datatype>
      <datatype id="360" type="ApplicationID">
        <data>360</data>
        <memberOf>11</memberOf>
      </datatype>
      <datatype id="361" type="ApplicationID">
        <data>361</data>
        <memberOf>11</memberOf>
      </datatype>
      <datatype id="362" type="ApplicationID">
        <data>362</data>
        <memberOf>11</memberOf>
      </datatype>
      <datatype id="363" type="ApplicationID">
        <data>363</data>
        <memberOf>11</memberOf>
      </datatype>
      <datatype id="364" type="ApplicationID">
        <data>364</data>
        <memberOf>5</memberOf>
      </datatype>
      <datatype id="365" type="ApplicationID">
        <data>365</data>
        <memberOf>5</memberOf>
      </datatype>
      <datatype id="366" type="ApplicationID">
        <data>366</data>
        <memberOf>11</memberOf>
      </datatype>
      <datatype id="367" type="ApplicationID">
        <data>367</data>
        <memberOf>5</memberOf>
      </datatype>
      <datatype id="368" type="ApplicationID">
        <data>368</data>
        <memberOf>5</memberOf>
      </datatype>
      <datatype id="369" type="ApplicationID">
        <data>369</data>
        <memberOf>6</memberOf>
      </datatype>
      <datatype id="370" type="ApplicationID">
        <data>370</data>
        <memberOf>6</memberOf>
      </datatype>
      <datatype id="371" type="ApplicationID">
        <data>371</data>
        <memberOf>11</memberOf>
      </datatype>
      <datatype id="372" type="ApplicationID">
        <data>372</data>
        <memberOf>11</memberOf>
      </datatype>
      <datatype id="373" type="ApplicationID">
        <data>373</data>
        <memberOf>11</memberOf>
      </datatype>
      <datatype id="374" type="ApplicationID">
        <data>374</data>
        <memberOf>5</memberOf>
      </datatype>
      <datatype id="375" type="ApplicationID">
        <data>375</data>
        <memberOf>5</memberOf>
      </datatype>
      <datatype id="376" type="ApplicationID">
        <data>376</data>
        <memberOf>5</memberOf>
      </datatype>
      <datatype id="377" type="ApplicationID">
        <data>377</data>
        <memberOf>5</memberOf>
      </datatype>
      <datatype id="378" type="ApplicationID">
        <data>378</data>
        <memberOf>5</memberOf>
      </datatype>
      <datatype id="380" type="ApplicationID">
        <data>380</data>
        <memberOf>5</memberOf>
      </datatype>
      <datatype id="381" type="ApplicationID">
        <data>381</data>
        <memberOf>12</memberOf>
      </datatype>
      <datatype id="382" type="ApplicationID">
        <data>382</data>
        <memberOf>12</memberOf>
      </datatype>
      <datatype id="383" type="ApplicationID">
        <data>383</data>
        <memberOf>12</memberOf>
      </datatype>
      <datatype id="384" type="ApplicationID">
        <data>384</data>
        <memberOf>12</memberOf>
      </datatype>
      <datatype id="385" type="ApplicationID">
        <data>385</data>
        <memberOf>12</memberOf>
      </datatype>
      <datatype id="386" type="ApplicationID">
        <data>386</data>
        <memberOf>5</memberOf>
      </datatype>
      <datatype id="400" type="ApplicationID">
        <data>400</data>
      </datatype>
      <datatype id="401" type="ApplicationID">
        <data>401</data>
      </datatype>
      <datatype id="402" type="ApplicationID">
        <data>402</data>
      </datatype>
      <datatype id="403" type="ApplicationID">
        <data>403</data>
      </datatype>
      <datatype id="404" type="ApplicationID">
        <data>404</data>
      </datatype>
      <datatype id="405" type="ApplicationID">
        <data>405</data>
      </datatype>
      <datatype id="407" type="ApplicationID">
        <data>407</data>
        <memberOf>6</memberOf>
      </datatype>
      <datatype id="408" type="ApplicationID">
        <data>408</data>
        <memberOf>12</memberOf>
      </datatype>
      <datatype id="409" type="ApplicationID">
        <data>409</data>
        <memberOf>2</memberOf>
      </datatype>
      <datatype id="410" type="ApplicationID">
        <data>410</data>
        <memberOf>2</memberOf>
      </datatype>
      <datatype id="1000" type="ApplicationID">
        <data>1000</data>
        <memberOf>51</memberOf>
      </datatype>
      <datatype id="1001" type="ApplicationID">
        <data>1001</data>
        <memberOf>51</memberOf>
      </datatype>
      <datatype id="1002" type="ApplicationID">
        <data>1002</data>
        <memberOf>51</memberOf>
      </datatype>
      <datatype id="1003" type="ApplicationID">
        <data>1003</data>
        <memberOf>51</memberOf>
      </datatype>
      <datatype id="1004" type="ApplicationID">
        <data>1004</data>
        <memberOf>51</memberOf>
      </datatype>
      <datatype id="1005" type="ApplicationID">
        <data>1005</data>
        <memberOf>51</memberOf>
      </datatype>
      <datatype id="1006" type="ApplicationID">
        <data>1006</data>
        <memberOf>51</memberOf>
      </datatype>
      <datatype id="1007" type="ApplicationID">
        <data>1007</data>
        <memberOf>51</memberOf>
      </datatype>
      <datatype id="1008" type="ApplicationID">
        <data>1008</data>
        <memberOf>51</memberOf>
      </datatype>
      <datatype id="1009" type="ApplicationID">
        <data>1009</data>
        <memberOf>52</memberOf>
      </datatype>
      <datatype id="1010" type="ApplicationID">
        <data>1010</data>
        <memberOf>52</memberOf>
      </datatype>
      <datatype id="1011" type="ApplicationID">
        <data>1011</data>
        <memberOf>52</memberOf>
      </datatype>
      <datatype id="1012" type="ApplicationID">
        <data>1012</data>
        <memberOf>52</memberOf>
      </datatype>
      <datatype id="1013" type="ApplicationID">
        <data>1013</data>
        <memberOf>52</memberOf>
      </datatype>
      <datatype id="1014" type="ApplicationID">
        <data>1014</data>
        <memberOf>52</memberOf>
      </datatype>
      <datatype id="014602D0-9D88-4575-B75A-A394D3A5547E" type="GeoLocation">
        <data>bg</data>
      </datatype>
      <datatype id="030BAF35-7584-495F-BFA3-4577FE5B3A7B" type="GeoLocation">
        <data>lb</data>
      </datatype>
      <datatype id="03685E17-8975-4808-8AD5-4A92A218001A" type="GeoLocation">
        <data>ad</data>
      </datatype>
      <datatype id="03A5AEF0-944C-44CD-9022-60D2FDFCAF7E" type="GeoLocation">
        <data>cx</data>
      </datatype>
      <datatype id="051D1F2E-F3AE-445C-991D-51D2841141D6" type="GeoLocation">
        <data>ck</data>
      </datatype>
      <datatype id="05ABC1A9-CEAC-4E21-AE54-5D96724E6BB8" type="GeoLocation">
        <data>bd</data>
      </datatype>
      <datatype id="06CED6AD-F29C-4EAF-9CF1-33BA8506CA35" type="GeoLocation">
        <data>cl</data>
      </datatype>
      <datatype id="06E01F8D-9CA1-44CF-ABD7-C2491DBBF546" type="GeoLocation">
        <data>bv</data>
      </datatype>
      <datatype id="075C6E2B-1BF3-410F-8398-439979671A06" type="GeoLocation">
        <data>la</data>
      </datatype>
      <datatype id="083542B9-A44A-4B8F-8B5F-B34CB1929B11" type="GeoLocation">
        <data>bf</data>
      </datatype>
      <datatype id="08C44F80-7F82-497D-9379-4605A3BFB083" type="GeoLocation">
        <data>tk</data>
      </datatype>
      <datatype id="0C12BECB-D8F9-406C-9D83-4A1E9A71F276" type="GeoLocation">
        <data>ml</data>
      </datatype>
      <datatype id="11E88810-B5F8-47BB-96A5-049A2A23F264" type="GeoLocation">
        <data>er</data>
      </datatype>
      <datatype id="12A66805-6F40-43B4-8C18-6EAFB209C861" type="GeoLocation">
        <data>cy</data>
      </datatype>
      <datatype id="12C23FE5-3BCF-4771-8A44-9A413A2A31A9" type="GeoLocation">
        <data>ly</data>
      </datatype>
      <datatype id="137EFB29-162A-4A9B-B63C-39ECBFA5C13C" type="GeoLocation">
        <data>mr</data>
      </datatype>
      <datatype id="14127C28-20AA-47CA-A890-0F1C722E21C1" type="GeoLocation">
        <data>vu</data>
      </datatype>
      <datatype id="169F9C20-1BCD-4590-B90E-97DE22FBBD7C" type="GeoLocation">
        <data>mg</data>
      </datatype>
      <datatype id="175430FB-310B-4C74-AC90-274CCA6A1FBF" type="GeoLocation">
        <data>ru</data>
      </datatype>
      <datatype id="178B0EEB-7808-45DB-9E9F-C04408BC18ED" type="GeoLocation">
        <data>ge</data>
      </datatype>
      <datatype id="17A081AB-A356-4323-890A-5499AAA6960B" type="GeoLocation">
        <data>cf</data>
      </datatype>
      <datatype id="189A7C4A-CA5C-42E5-96F9-CDB3C21A44D2" type="GeoLocation">
        <data>cz</data>
      </datatype>
      <datatype id="1A0A02F3-5685-442A-AC2B-B33CA4BB1E62" type="GeoLocation">
        <data>fi</data>
      </datatype>
      <datatype id="1B55FE84-95DA-42F6-A935-74CB9693BBF3" type="GeoLocation">
        <data>om</data>
      </datatype>
      <datatype id="1CF89411-3AF3-4685-B080-3B691A947041" type="GeoLocation">
        <data>fo</data>
      </datatype>
      <datatype id="1D299A16-1E9F-41A4-BFBC-9C376A4F21BB" type="GeoLocation">
        <data>ee</data>
      </datatype>
      <datatype id="20655854-F73D-48AE-961F-FED00F6DDA38" type="GeoLocation">
        <data>an</data>
      </datatype>
      <datatype id="20C4E7BD-14C4-49F4-8CEE-D898EC69CC14" type="GeoLocation">
        <data>sh</data>
      </datatype>
      <datatype id="21A62B9E-03D9-4845-BEA9-A6A7BCD16FCB" type="GeoLocation">
        <data>np</data>
      </datatype>
      <datatype id="21D365E7-13CB-46C6-A4B9-DFF56EF37A0D" type="GeoLocation">
        <data>fk</data>
      </datatype>
      <datatype id="237B3169-5B8B-403B-88FC-DAA64C01C700" type="GeoLocation">
        <data>gm</data>
      </datatype>
      <datatype id="239C7E68-73CE-45B9-9567-1307456667C0" type="GeoLocation">
        <data>pf</data>
      </datatype>
      <datatype id="24F78203-C349-4FE9-A715-A99BC4D0979F" type="GeoLocation">
        <data>mp</data>
      </datatype>
      <datatype id="257DB533-C50E-4575-A0BC-F9E8C12A8AB4" type="GeoLocation">
        <data>mz</data>
      </datatype>
      <datatype id="2A5F2F03-7DEC-4ADF-A797-E8C60245C347" type="GeoLocation">
        <data>ky</data>
      </datatype>
      <datatype id="2AFF614F-578D-4213-B061-625A41CDB84F" type="GeoLocation">
        <data>tz</data>
      </datatype>
      <datatype id="2B446A86-934C-4CBE-8438-12D3197AE17F" type="GeoLocation">
        <data>bw</data>
      </datatype>
      <datatype id="2C437F73-3E6A-4F09-A155-73AD0DE9C0D2" type="GeoLocation">
        <data>sn</data>
      </datatype>
      <datatype id="2CB0E25F-E2AA-4BEF-ACBB-E88848944B69" type="GeoLocation">
        <data>ga</data>
      </datatype>
      <datatype id="2EC64482-8847-4EF8-AAB9-614C4D833003" type="GeoLocation">
        <data>ar</data>
      </datatype>
      <datatype id="2F9F5C3D-8458-4717-8806-0AF9C63F9374" type="GeoLocation">
        <data>tr</data>
      </datatype>
      <datatype id="30570602-0E4A-4ED7-B458-968EF74FB2B0" type="GeoLocation">
        <data>ag</data>
      </datatype>
      <datatype id="307CA80D-885C-4A5F-8487-6680E93A1535" type="GeoLocation">
        <data>bj</data>
      </datatype>
      <datatype id="30AC481E-0288-4FD4-8728-2D5B42169B98" type="GeoLocation">
        <data>ms</data>
      </datatype>
      <datatype id="30D88315-35CF-4088-8B22-E73CB84781AB" type="GeoLocation">
        <data>ci</data>
      </datatype>
      <datatype id="31175B6C-25C0-42C7-81C1-B60E56523755" type="GeoLocation">
        <data>so</data>
      </datatype>
      <datatype id="3318ED9F-3421-4017-97DD-214FF4365645" type="GeoLocation">
        <data>us</data>
      </datatype>
      <datatype id="34815075-A941-47FF-AE13-3D9AD9B1B481" type="GeoLocation">
        <data>sc</data>
      </datatype>
      <datatype id="35406255-29CA-4A61-A16A-87363D50C514" type="GeoLocation">
        <data>gn</data>
      </datatype>
      <datatype id="375C5C03-DA0D-4E3A-BE89-B27FF564AF37" type="GeoLocation">
        <data>tl</data>
      </datatype>
      <datatype id="39187377-0A6B-4731-B032-A2A2E2BA20ED" type="GeoLocation">
        <data>mn</data>
      </datatype>
      <datatype id="39B41B43-93FE-4890-99EC-CF132C6E5938" type="GeoLocation">
        <data>zw</data>
      </datatype>
      <datatype id="3A06578B-3B67-4177-A37F-81FCD278AF70" type="GeoLocation">
        <data>ua</data>
      </datatype>
      <datatype id="3A4D9B45-842D-426F-AEFA-620E345095EC" type="GeoLocation">
        <data>nz</data>
      </datatype>
      <datatype id="3BB9E27B-CFDD-46F6-8E6A-3D23A8166DA0" type="GeoLocation">
        <data>cu</data>
      </datatype>
      <datatype id="3BCFBBB0-A355-4C43-9B7C-721AA9A6A7AD" type="GeoLocation">
        <data>cg</data>
      </datatype>
      <datatype id="3C1B90B4-6BB2-4F25-9793-236AC02ECDBB" type="GeoLocation">
        <data>vn</data>
      </datatype>
      <datatype id="3EA56CED-8088-4B6E-9E6D-D1D6FF5A2E90" type="GeoLocation">
        <data>cn</data>
      </datatype>
      <datatype id="3F432BB5-B821-47AE-AC27-0760870D7EC2" type="GeoLocation">
        <data>kg</data>
      </datatype>
      <datatype id="3FB13333-9185-4EA1-8CE4-12F727E73A32" type="GeoLocation">
        <data>gt</data>
      </datatype>
      <datatype id="3FDC6C9A-B126-4B1C-9CE0-558E45321D1D" type="GeoLocation">
        <data>pa</data>
      </datatype>
      <datatype id="408E9B84-61CF-4EDA-A691-6FC651A36458" type="GeoLocation">
        <data>st</data>
      </datatype>
      <datatype id="42A892DB-94FF-481A-A623-5D47C69364DD" type="GeoLocation">
        <data>ax</data>
      </datatype>
      <datatype id="44688CF6-6C81-4999-BEFD-EFC03231A40E" type="GeoLocation">
        <data>tg</data>
      </datatype>
      <datatype id="448D93A0-030C-45D1-B8C2-3365E47843FD" type="GeoLocation">
        <data>bn</data>
      </datatype>
      <datatype id="45096951-239B-4F73-BF6E-2D0887285D34" type="GeoLocation">
        <data>gh</data>
      </datatype>
      <datatype id="452FEDB7-7210-44E0-B5C6-7E7109AA19BB" type="GeoLocation">
        <data>lu</data>
      </datatype>
      <datatype id="45979B49-BFE3-452C-84A7-3354C3895D1E" type="GeoLocation">
        <data>mm</data>
      </datatype>
      <datatype id="473C0A86-A122-489A-8059-3AA32A48E425" type="GeoLocation">
        <data>pr</data>
      </datatype>
      <datatype id="496A653A-208A-4D7D-AA9A-7F71909E00C6" type="GeoLocation">
        <data>bm</data>
      </datatype>
      <datatype id="4BD93252-D16D-4469-80F0-9F8B65CD1663" type="GeoLocation">
        <data>tf</data>
      </datatype>
      <datatype id="4EEE4AB7-20CA-418C-A31E-7670D0B1E905" type="GeoLocation">
        <data>ng</data>
      </datatype>
      <datatype id="4F26D4BC-791C-4013-8CF9-4652E456B9BA" type="GeoLocation">
        <data>aw</data>
      </datatype>
      <datatype id="4FCE25D5-D55A-491D-946C-F896AFF68FD7" type="GeoLocation">
        <data>fj</data>
      </datatype>
      <datatype id="522E1BB8-69B0-4C6A-9F21-C0AB6A067CE0" type="GeoLocation">
        <data>pg</data>
      </datatype>
      <datatype id="536821BC-FB0F-4FCD-B9BB-2723C4622B32" type="GeoLocation">
        <data>zm</data>
      </datatype>
      <datatype id="572E89B3-8894-4590-9039-5B5A7FCC5BDE" type="GeoLocation">
        <data>gu</data>
      </datatype>
      <datatype id="587577FA-6447-4568-98B1-4633260DE650" type="GeoLocation">
        <data>by</data>
      </datatype>
      <datatype id="5A536434-4228-4D4C-B286-F7472C090444" type="GeoLocation">
        <data>sy</data>
      </datatype>
      <datatype id="5B5215CD-C78F-4B82-9E4F-63A9643DA29C" type="GeoLocation">
        <data>kp</data>
      </datatype>
      <datatype id="5C321051-F274-4CBD-A724-2F92589D2F1B" type="GeoLocation">
        <data>az</data>
      </datatype>
      <datatype id="5C575ED9-2903-44B7-AAB8-B92716EFA4F6" type="GeoLocation">
        <data>nl</data>
      </datatype>
      <datatype id="5F2A6875-8FC6-4136-BD64-EB6F2971899C" type="GeoLocation">
        <data>tm</data>
      </datatype>
      <datatype id="5FF460D5-96E2-4B2A-B5C9-D8203BF0851C" type="GeoLocation">
        <data>vc</data>
      </datatype>
      <datatype id="63BDC6A2-B44D-4AEC-BA59-49EDC1EFF669" type="GeoLocation">
        <data>ao</data>
      </datatype>
      <datatype id="63F0349C-E8CF-42EB-82E8-CE4F7D9C9389" type="GeoLocation">
        <data>fr</data>
      </datatype>
      <datatype id="64006027-28B7-4D89-8DCA-D3ED5675BE1F" type="GeoLocation">
        <data>et</data>
      </datatype>
      <datatype id="651D8484-0198-49E6-B7C0-D83E3A636AE4" type="GeoLocation">
        <data>sk</data>
      </datatype>
      <datatype id="65AAE53B-D024-4B5C-9C4A-D0F317DEC232" type="GeoLocation">
        <data>mh</data>
      </datatype>
      <datatype id="65D8F477-EBD4-4935-9497-07A60A5F9CDD" type="GeoLocation">
        <data>sj</data>
      </datatype>
      <datatype id="674F6292-8844-4603-BA5C-4B46DBD62DA4" type="GeoLocation">
        <data>cm</data>
      </datatype>
      <datatype id="68492CB5-7283-4E9F-8B18-414FE3174EB5" type="GeoLocation">
        <data>tc</data>
      </datatype>
      <datatype id="6AB17BDB-8F3B-4F7F-885E-188F12EB4615" type="GeoLocation">
        <data>vg</data>
      </datatype>
      <datatype id="6C7D3FC6-12AC-4997-9D09-DF6FEECA577D" type="GeoLocation">
        <data>br</data>
      </datatype>
      <datatype id="6D6D9C51-ABF9-4F04-A818-708E0BF6C95F" type="GeoLocation">
        <data>ai</data>
      </datatype>
      <datatype id="6D6DBBB1-26DD-4EC2-A435-802E326CB404" type="GeoLocation">
        <data>bi</data>
      </datatype>
      <datatype id="6FDD3F7A-BD5F-4FAF-9745-DD0ED2BDD389" type="GeoLocation">
        <data>es</data>
      </datatype>
      <datatype id="700EF0E1-EC0B-4B51-A6C1-4B9B2C1DCCB0" type="GeoLocation">
        <data>yt</data>
      </datatype>
      <datatype id="75166941-3564-49E7-90CD-4EC19F47CCE9" type="GeoLocation">
        <data>af</data>
      </datatype>
      <datatype id="7606D4FB-A6A0-4CA8-A2C2-F8146495F9DD" type="GeoLocation">
        <data>be</data>
      </datatype>
      <datatype id="7631AF73-2B08-4347-A04F-FE5F8A9A695E" type="GeoLocation">
        <data>mv</data>
      </datatype>
      <datatype id="763D7053-7C1C-41C4-AF22-7C345895347E" type="GeoLocation">
        <data>kz</data>
      </datatype>
      <datatype id="76432758-1007-4409-A8B3-0BEAFDB3266F" type="GeoLocation">
        <data>lk</data>
      </datatype>
      <datatype id="76EA2E9B-CDA7-4D45-ABDB-8C2DB886ABB0" type="GeoLocation">
        <data>bz</data>
      </datatype>
      <datatype id="7A12CF17-E434-44EB-9345-A62609325677" type="GeoLocation">
        <data>pn</data>
      </datatype>
      <datatype id="7A25630B-925C-45E9-88FD-3C85D9A4D99E" type="GeoLocation">
        <data>sr</data>
      </datatype>
      <datatype id="7B29960C-2C7B-444D-A256-FF7D052AEECC" type="GeoLocation">
        <data>id</data>
      </datatype>
      <datatype id="7C984C38-B551-48A2-8B42-5C931B752F9C" type="GeoLocation">
        <data>th</data>
      </datatype>
      <datatype id="7D4FB6E3-4470-4451-82C0-9EF474278E43" type="GeoLocation">
        <data>al</data>
      </datatype>
      <datatype id="7DF48E01-E8DB-41CB-87DA-C5A9F92CABBD" type="GeoLocation">
        <data>kw</data>
      </datatype>
      <datatype id="7DF66C88-A892-481B-8403-B43DF85A6E0D" type="GeoLocation">
        <data>za</data>
      </datatype>
      <datatype id="7F5B42B1-723B-43C9-B1A3-91D62A55E4AC" type="GeoLocation">
        <data>kn</data>
      </datatype>
      <datatype id="7F756809-030A-4D71-9561-144E93B5B5D7" type="GeoLocation">
        <data>na</data>
      </datatype>
      <datatype id="7FDB76C0-0C51-43EB-A78C-7524A0BFC92F" type="GeoLocation">
        <data>ke</data>
      </datatype>
      <datatype id="80FBB20B-D063-48A6-978F-D2D620158261" type="GeoLocation">
        <data>ba</data>
      </datatype>
      <datatype id="82B8A7B6-2342-4933-9A86-EF05918B84D4" type="GeoLocation">
        <data>nf</data>
      </datatype>
      <datatype id="8302208A-6C5B-4F3E-A5B9-3269F23F13B2" type="GeoLocation">
        <data>to</data>
      </datatype>
      <datatype id="83061B85-8CC3-4824-8B64-0EE81723FAE4" type="GeoLocation">
        <data>sz</data>
      </datatype>
      <datatype id="83483C2C-1DEF-404A-B8E2-39F2DFA87321" type="GeoLocation">
        <data>am</data>
      </datatype>
      <datatype id="83BF408B-6CC7-440D-BDB5-A4D0F54FAB15" type="GeoLocation">
        <data>eh</data>
      </datatype>
      <datatype id="83F8FFAE-673D-43C5-ABD6-B54CB0C26CFA" type="GeoLocation">
        <data>au</data>
      </datatype>
      <datatype id="8416BBAC-A24B-4AF7-91CE-F8337A5D7547" type="GeoLocation">
        <data>ae</data>
      </datatype>
      <datatype id="84D5F929-9345-49E5-A368-A604C3CBF82D" type="GeoLocation">
        <data>ls</data>
      </datatype>
      <datatype id="84DC9C4A-8163-4BB1-9FD0-8F28A110959B" type="GeoLocation">
        <data>re</data>
      </datatype>
      <datatype id="85DC40DA-F585-419F-B89A-C2C44FAED14D" type="GeoLocation">
        <data>in</data>
      </datatype>
      <datatype id="86D70682-C682-4966-86E6-2699D07A6785" type="GeoLocation">
        <data>ye</data>
      </datatype>
      <datatype id="8701AD65-FA5F-4EAE-8E0D-8F2F6531DCE7" type="GeoLocation">
        <data>ir</data>
      </datatype>
      <datatype id="88EF1B48-743F-42C5-AF57-23E9867024B1" type="GeoLocation">
        <data>gb</data>
      </datatype>
      <datatype id="8AC8024A-7265-4161-B21F-32F00C63C1FA" type="GeoLocation">
        <data>td</data>
      </datatype>
      <datatype id="8C4065ED-A7A8-49C3-B39C-5EAAF3D27B1E" type="GeoLocation">
        <data>ws</data>
      </datatype>
      <datatype id="8C8CEE08-AAB0-47E4-B0F1-BD86B54A595E" type="GeoLocation">
        <data>jm</data>
      </datatype>
      <datatype id="8D1F65C8-B89B-4C9F-955A-5FAAF22CF409" type="GeoLocation">
        <data>eg</data>
      </datatype>
      <datatype id="8D5FDEC4-9CC0-4B31-9B0D-060BE43D5818" type="GeoLocation">
        <data>pm</data>
      </datatype>
      <datatype id="8D69DF2B-B2AE-48D4-97A0-7BF11EA05E8A" type="GeoLocation">
        <data>um</data>
      </datatype>
      <datatype id="909EB6E3-5290-4E3F-AD64-1668DFB4B932" type="GeoLocation">
        <data>hr</data>
      </datatype>
      <datatype id="90BB2A25-50BE-472D-903E-7C31131F86C3" type="GeoLocation">
        <data>io</data>
      </datatype>
      <datatype id="91D4637B-6BDD-4E45-86B1-D03C554FE337" type="GeoLocation">
        <data>gw</data>
      </datatype>
      <datatype id="9749F4DE-22B3-421C-8024-A4A9E1DF444D" type="GeoLocation">
        <data>cc</data>
      </datatype>
      <datatype id="97FF0B53-5539-45BD-BE08-00F1142903F6" type="GeoLocation">
        <data>tj</data>
      </datatype>
      <datatype id="99175617-F19D-4EB2-8F7C-468BB5D7A079" type="GeoLocation">
        <data>li</data>
      </datatype>
      <datatype id="99837258-A9D5-4BCA-964B-97D5F47F9393" type="GeoLocation">
        <data>pl</data>
      </datatype>
      <datatype id="9AA6FE62-4BB9-408B-9DAC-2F93440C853F" type="GeoLocation">
        <data>hn</data>
      </datatype>
      <datatype id="9BCA2042-FEF0-41C2-BC0C-8D9F41369EAB" type="GeoLocation">
        <data>lr</data>
      </datatype>
      <datatype id="9CE10ECE-8879-4583-B5C6-13B64988B430" type="GeoLocation">
        <data>km</data>
      </datatype>
      <datatype id="9EA047C4-63E7-492E-A516-393862436FC4" type="GeoLocation">
        <data>sm</data>
      </datatype>
      <datatype id="9EFBFF28-BD92-4EA6-AC8B-B9C80E989E82" type="GeoLocation">
        <data>sl</data>
      </datatype>
      <datatype id="9F811526-3B6C-419F-96E3-141B0DACD853" type="GeoLocation">
        <data>de</data>
      </datatype>
      <datatype id="A08140A2-87DB-4C61-ADA6-0E9F39072A36" type="GeoLocation">
        <data>va</data>
      </datatype>
      <datatype id="A0DC6214-BEAC-4007-B195-0855CE0EFC7B" type="GeoLocation">
        <data>mt</data>
      </datatype>
      <datatype id="A10E8F7B-F83B-42B2-8799-3A76CCB026F2" type="GeoLocation">
        <data>py</data>
      </datatype>
      <datatype id="A119F381-5366-4A2E-AFED-4BDDC9274411" type="GeoLocation">
        <data>ma</data>
      </datatype>
      <datatype id="A1C5A4CF-E17B-4817-ACFB-46F9425797A5" type="GeoLocation">
        <data>tt</data>
      </datatype>
      <datatype id="A2757E41-3E31-40B8-81D3-2E73F3E377A8" type="GeoLocation">
        <data>dz</data>
      </datatype>
      <datatype id="A300D2BE-A51C-41E7-AFBC-0AAEBA570056" type="GeoLocation">
        <data>gr</data>
      </datatype>
      <datatype id="A4F93B66-86EA-4659-899B-FF9A038C3D73" type="GeoLocation">
        <data>gd</data>
      </datatype>
      <datatype id="A5059CAF-FDE2-4993-90D1-7516EC61EA8B" type="GeoLocation">
        <data>ps</data>
      </datatype>
      <datatype id="A603E4E3-F97E-426A-A4B3-7BEF597B005F" type="GeoLocation">
        <data>pt</data>
      </datatype>
      <datatype id="A61E58D5-433E-4399-86F5-1A37108012C9" type="GeoLocation">
        <data>gs</data>
      </datatype>
      <datatype id="A8AA1B0B-F61D-47F2-8D49-A0A7D34B1D00" type="GeoLocation">
        <data>jp</data>
      </datatype>
      <datatype id="A8C836D8-D5BB-4CD8-8298-C347E5C93171" type="GeoLocation">
        <data>hk</data>
      </datatype>
      <datatype id="AB1F42DE-5EA8-4A14-B5AF-BC81C575557D" type="GeoLocation">
        <data>mw</data>
      </datatype>
      <datatype id="AB7F3DB5-F5AB-4488-BF2B-D1ADB4E6E4B0" type="GeoLocation">
        <data>ec</data>
      </datatype>
      <datatype id="AC17064F-DD04-4D2A-A78F-D740EA0220B2" type="GeoLocation">
        <data>tw</data>
      </datatype>
      <datatype id="AC89E0D5-B6FA-4E63-9E36-9321EBB6E672" type="GeoLocation">
        <data>sg</data>
      </datatype>
      <datatype id="ACDCD68B-46B0-4521-94D2-4C31999D6FFF" type="GeoLocation">
        <data>gi</data>
      </datatype>
      <datatype id="AD15C959-84EB-4EEA-A250-C3D719B009C7" type="GeoLocation">
        <data>gp</data>
      </datatype>
      <datatype id="B068F500-53AB-43A8-A37E-9AC917F15529" type="GeoLocation">
        <data>rw</data>
      </datatype>
      <datatype id="B1A75E70-EDB9-4FD2-BDD9-8CBAE7AE747A" type="GeoLocation">
        <data>lc</data>
      </datatype>
      <datatype id="B4C2250F-D63F-4FF0-8A13-055F2E8BCC9D" type="GeoLocation">
        <data>is</data>
      </datatype>
      <datatype id="B4FC085E-C606-43B4-9E72-204A923377FD" type="GeoLocation">
        <data>fm</data>
      </datatype>
      <datatype id="B5DC9C68-9DC8-4D45-B4BF-0567B2A3AB13" type="GeoLocation">
        <data>bt</data>
      </datatype>
      <datatype id="B6CDE078-D81D-4124-AC3F-9BDE2BE46F62" type="GeoLocation">
        <data>pw</data>
      </datatype>
      <datatype id="B75F5A75-4B01-4660-858B-41D0BA10E833" type="GeoLocation">
        <data>sd</data>
      </datatype>
      <datatype id="B7EEA346-1532-4FD4-BAE3-D9CD5A395B3E" type="GeoLocation">
        <data>ug</data>
      </datatype>
      <datatype id="B837066E-517F-4B61-9662-2FB1B2320DAC" type="GeoLocation">
        <data>nc</data>
      </datatype>
      <datatype id="B83CD1B6-D9B2-4421-A1B6-5BF20A38B9EA" type="GeoLocation">
        <data>lt</data>
      </datatype>
      <datatype id="B86ABD04-1DD2-4C8E-8190-BCA756C015A3" type="GeoLocation">
        <data>ve</data>
      </datatype>
      <datatype id="BB0B31E0-0DB1-4058-9341-2303846AAFF7" type="GeoLocation">
        <data>cv</data>
      </datatype>
      <datatype id="BB8FD96F-1AAA-4BBE-99BF-97399CFA1FC7" type="GeoLocation">
        <data>si</data>
      </datatype>
      <datatype id="BBAFCC45-369A-4EFE-ABA7-BB45A9FE047C" type="GeoLocation">
        <data>nr</data>
      </datatype>
      <datatype id="BCB09652-80D0-4556-9190-045E930D37BF" type="GeoLocation">
        <data>wf</data>
      </datatype>
      <datatype id="BD5595AE-1E79-44C4-A6B7-A3A26745E3CD" type="GeoLocation">
        <data>mu</data>
      </datatype>
      <datatype id="BD68B270-764C-4FC4-91A4-449D0A9FF2F9" type="GeoLocation">
        <data>uy</data>
      </datatype>
      <datatype id="BFA131B2-8D3D-454C-90F9-8C4DEC50E591" type="GeoLocation">
        <data>nu</data>
      </datatype>
      <datatype id="C0B440C0-3846-4D97-9FD1-E19C674C2426" type="GeoLocation">
        <data>hu</data>
      </datatype>
      <datatype id="C0DEE533-1DEB-4D9B-9587-9ABD622D5D80" type="GeoLocation">
        <data>iq</data>
      </datatype>
      <datatype id="C11A405B-7725-436B-BD0F-595190017D06" type="GeoLocation">
        <data>lv</data>
      </datatype>
      <datatype id="C15BB988-7283-4A4D-B187-C4C983841131" type="GeoLocation">
        <data>bb</data>
      </datatype>
      <datatype id="C444E989-F443-4F95-9B71-E1950A650525" type="GeoLocation">
        <data>kh</data>
      </datatype>
      <datatype id="C49CFB1E-990D-48A9-89DA-7F07CD3282C8" type="GeoLocation">
        <data>dj</data>
      </datatype>
      <datatype id="C57C08E4-DCDE-4EC3-9679-DF08EE896A68" type="GeoLocation">
        <data>do</data>
      </datatype>
      <datatype id="C5958E2E-FF2A-45DC-807A-976657C6B19A" type="GeoLocation">
        <data>ki</data>
      </datatype>
      <datatype id="C62141A3-FEBD-4829-AE15-4ACFBBB6692B" type="GeoLocation">
        <data>ca</data>
      </datatype>
      <datatype id="C63EF14A-C349-47FC-A8EB-1BDBEE27443C" type="GeoLocation">
        <data>qa</data>
      </datatype>
      <datatype id="C8BA2E24-74AB-4C23-BC9B-5EDEB72E2F52" type="GeoLocation">
        <data>hm</data>
      </datatype>
      <datatype id="C9952742-1BC2-49D9-85AC-14EC4635D70F" type="GeoLocation">
        <data>dk</data>
      </datatype>
      <datatype id="CA3D4931-93F1-4353-BFC8-4909AE2C1635" type="GeoLocation">
        <data>gq</data>
      </datatype>
      <datatype id="CABE97F0-55BB-4853-9F84-5B9805501363" type="GeoLocation">
        <data>ph</data>
      </datatype>
      <datatype id="CB588337-E310-4B72-86FB-428D378A5EF8" type="GeoLocation">
        <data>ne</data>
      </datatype>
      <datatype id="CB631CBE-7A76-44A5-AA30-F564F10E28AC" type="GeoLocation">
        <data>kr</data>
      </datatype>
      <datatype id="CEB883FD-CC99-4604-8BEC-22778C9B779A" type="GeoLocation">
        <data>ch</data>
      </datatype>
      <datatype id="D1BCCC02-6746-496C-9D88-0AFA05C5AC8F" type="GeoLocation">
        <data>se</data>
      </datatype>
      <datatype id="D370109A-7DA6-4C5E-B75F-B3BFF3548993" type="GeoLocation">
        <data>sb</data>
      </datatype>
      <datatype id="D51E10D8-888C-44F6-886D-A256E3E25BDD" type="GeoLocation">
        <data>ni</data>
      </datatype>
      <datatype id="D607767E-0A03-414A-85F3-C094F96F3FD1" type="GeoLocation">
        <data>co</data>
      </datatype>
      <datatype id="D7E4CB01-0295-40ED-B73D-6E6ADD6C8E85" type="GeoLocation">
        <data>mc</data>
      </datatype>
      <datatype id="D9209C68-32A3-4683-AFDC-401DFCFEAD33" type="GeoLocation">
        <data>mx</data>
      </datatype>
      <datatype id="D9283EDB-3B28-4353-89BF-E0865927844D" type="GeoLocation">
        <data>at</data>
      </datatype>
      <datatype id="DBF026BD-6912-4BCC-988D-3CB0A8137158" type="GeoLocation">
        <data>mk</data>
      </datatype>
      <datatype id="DC6386E0-F97D-4DA6-B027-B9F2ED8EF8E7" type="GeoLocation">
        <data>aq</data>
      </datatype>
      <datatype id="DE7ECDBA-72B2-497A-A656-C756909A319F" type="GeoLocation">
        <data>gf</data>
      </datatype>
      <datatype id="DF78F613-D986-41DC-9F71-EF1D916EAE8D" type="GeoLocation">
        <data>pe</data>
      </datatype>
      <datatype id="DF9B1144-524E-46D8-8F1B-65EEE63EA3BC" type="GeoLocation">
        <data>ro</data>
      </datatype>
      <datatype id="E09395A1-0C0D-4A26-BC38-13A4619D2FB5" type="GeoLocation">
        <data>my</data>
      </datatype>
      <datatype id="E14D234E-5A95-4493-9507-39EACD6FA40A" type="GeoLocation">
        <data>as</data>
      </datatype>
      <datatype id="E1815203-33D7-4A87-9623-F73E035598AC" type="GeoLocation">
        <data>vi</data>
      </datatype>
      <datatype id="E48AF345-237A-4A02-9A85-652490BFBFA4" type="GeoLocation">
        <data>tn</data>
      </datatype>
      <datatype id="E5EAEBD7-E0E0-47C6-AEEC-054A5B502A8C" type="GeoLocation">
        <data>il</data>
      </datatype>
      <datatype id="E7561345-1182-42F8-B20F-31A6438591DE" type="GeoLocation">
        <data>bh</data>
      </datatype>
      <datatype id="E7B2536D-5819-44F4-8855-CF623A262B16" type="GeoLocation">
        <data>mq</data>
      </datatype>
      <datatype id="E8DA5D21-12C5-46E9-8588-A3798C487997" type="GeoLocation">
        <data>sv</data>
      </datatype>
      <datatype id="E93AF961-8D56-423E-8C8C-1AB12FF50319" type="GeoLocation">
        <data>jo</data>
      </datatype>
      <datatype id="E98CF617-9E12-490C-BD43-D6D165D99ED3" type="GeoLocation">
        <data>cr</data>
      </datatype>
      <datatype id="E9F3B8ED-8BAC-4274-9227-2AF389EB789A" type="GeoLocation">
        <data>bs</data>
      </datatype>
      <datatype id="EB8F280D-1D9A-42C1-BE0D-DC3D4108B714" type="GeoLocation">
        <data>ht</data>
      </datatype>
      <datatype id="EC8A9720-F3FC-45FD-B015-AB34BB83D3D1" type="GeoLocation">
        <data>gl</data>
      </datatype>
      <datatype id="EC8D9545-74BD-4222-B7A8-3CB01C16671B" type="GeoLocation">
        <data>sa</data>
      </datatype>
      <datatype id="ED9765D9-E89C-4109-B8CA-D6EB7AAD5021" type="GeoLocation">
        <data>no</data>
      </datatype>
      <datatype id="EF0E7E9F-3483-4D98-BF75-31D334788DB8" type="GeoLocation">
        <data>it</data>
      </datatype>
      <datatype id="F4393A76-C7E9-47D5-8B81-AC52C2072626" type="GeoLocation">
        <data>md</data>
      </datatype>
      <datatype id="F64329E2-3081-4627-9BBB-0AABD67BE8D5" type="GeoLocation">
        <data>ie</data>
      </datatype>
      <datatype id="F6E62853-0928-4AD7-9774-ABC2A32B0748" type="GeoLocation">
        <data>uz</data>
      </datatype>
      <datatype id="F76CFFBC-0822-4716-A8EC-FC48210284C8" type="GeoLocation">
        <data>cd</data>
      </datatype>
      <datatype id="F868534A-9C4E-43CE-A079-9BDCF74B03B2" type="GeoLocation">
        <data>mo</data>
      </datatype>
      <datatype id="FB3835A1-C17B-43C8-91A5-03504D217D1E" type="GeoLocation">
        <data>tv</data>
      </datatype>
      <datatype id="FB673841-C991-4CA0-A4AC-DF29F515DE02" type="GeoLocation">
        <data>gy</data>
      </datatype>
      <datatype id="FB6A3ECF-5A2C-4E5B-A5D6-BE2E613B149F" type="GeoLocation">
        <data>bo</data>
      </datatype>
      <datatype id="FD34F471-A772-47B9-BA6F-B3644FBE0EA3" type="GeoLocation">
        <data>cs</data>
      </datatype>
      <datatype id="FD91111B-943A-433E-BC2A-7B45B570A6FF" type="GeoLocation">
        <data>pk</data>
      </datatype>
      <datatype id="FE7FB971-C30D-4EA1-BEE9-1C6604B3B86B" type="GeoLocation">
        <data>dm</data>
      </datatype>
      <datatype id="6d811201-f556-43ce-b728-4a7c40444933" type="CloudApplicationID">
        <data>2099</data>
      </datatype>
      <datatype id="ac3bf1a8-4f0c-404d-a2ab-576f13058c3c" type="CloudApplicationID">
        <data>2100</data>
      </datatype>
      <datatype id="af3fd869-1c61-4856-ba42-0cf553c46fb0" type="CloudApplicationID">
        <data>2407</data>
      </datatype>
    </datatypes>
    <operationsTable>
      <operationItem>
        <groupid>1</groupid>
        <operation>5</operation>
      </operationItem>
      <operationItem>
        <groupid>10</groupid>
        <operation>5</operation>
      </operationItem>
      <operationItem>
        <groupid>11</groupid>
        <operation>1</operation>
      </operationItem>
      <operationItem>
        <groupid>12</groupid>
        <operation>1</operation>
      </operationItem>
      <operationItem>
        <groupid>12</groupid>
        <operation>3</operation>
      </operationItem>
      <operationItem>
        <groupid>12</groupid>
        <operation>5</operation>
      </operationItem>
      <operationItem>
        <groupid>2</groupid>
        <operation>1</operation>
      </operationItem>
      <operationItem>
        <groupid>2</groupid>
        <operation>3</operation>
      </operationItem>
      <operationItem>
        <groupid>3</groupid>
        <operation>5</operation>
      </operationItem>
      <operationItem>
        <groupid>4</groupid>
        <operation>3</operation>
      </operationItem>
      <operationItem>
        <groupid>4</groupid>
        <operation>5</operation>
      </operationItem>
      <operationItem>
        <groupid>5</groupid>
        <operation>3</operation>
      </operationItem>
      <operationItem>
        <groupid>5</groupid>
        <operation>5</operation>
      </operationItem>
      <operationItem>
        <groupid>51</groupid>
        <operation>1</operation>
      </operationItem>
      <operationItem>
        <groupid>51</groupid>
        <operation>8</operation>
      </operationItem>
      <operationItem>
        <groupid>52</groupid>
        <operation>1</operation>
      </operationItem>
      <operationItem>
        <groupid>52</groupid>
        <operation>8</operation>
      </operationItem>
      <operationItem>
        <groupid>6</groupid>
        <operation>3</operation>
      </operationItem>
      <operationItem>
        <groupid>8</groupid>
        <operation>5</operation>
      </operationItem>
      <operationItem>
        <groupid>9</groupid>
        <operation>5</operation>
      </operationItem>
    </operationsTable>
    <excludetable/>
  </resourceResolverWorkingSet>

</policyEngineConfig>